avgSessionDuration,shortSessionRatio,reopenCount,interSessionGap,dailyTotalTime,sessionsPerDay,nightCount,trend,label,source,weight
49.06,0.745,10,183.37,92.74,11,2,15.64,Normal,synthetic,1.0
23.27,0.07,0,86.61,117.3,6,1,-12.57,Normal,synthetic,1.0
36.01,0.708,10,126.04,150.95,9,4,33.03,Frustrated,synthetic,1.0
50.16,0.586,2,138.91,109.9,2,2,-6.78,Normal,synthetic,1.0
10.0,0.452,0,85.05,110.63,2,3,-6.97,Normal,synthetic,1.0
31.81,0.088,0,87.94,338.39,1,2,37.19,Addicted,synthetic,1.0
50.1,0.564,3,5.0,139.21,3,3,6.6,Frustrated,synthetic,1.0
43.27,0.405,3,48.18,95.86,8,2,4.06,Normal,synthetic,1.0
28.94,0.413,2,45.16,175.25,3,1,-7.04,Frustrated,synthetic,1.0
35.0,0.556,1,59.21,199.57,1,4,22.91,Frustrated,synthetic,1.0
45.87,0.307,0,130.65,65.25,3,0,-17.96,Normal,synthetic,1.0
48.88,0.051,2,123.26,364.48,8,2,99.56,Addicted,synthetic,1.0
78.75,0.429,3,35.73,142.86,1,1,4.28,Frustrated,synthetic,1.0
52.18,0.788,7,201.29,96.2,8,0,21.68,Frustrated,synthetic,1.0
17.67,0.685,6,88.28,92.21,9,2,-25.88,Normal,synthetic,1.0
10.0,0.326,0,170.89,192.72,2,0,-14.33,Normal,synthetic,1.0
57.65,0.452,5,117.12,310.36,12,0,28.73,Addicted,synthetic,1.0
40.03,0.397,2,55.81,122.18,7,2,-2.2,Normal,synthetic,1.0
30.96,0.351,8,200.03,296.67,13,2,-2.38,Frustrated,synthetic,1.0
18.23,0.302,2,140.46,108.21,4,3,-10.41,Frustrated,synthetic,1.0
51.49,0.38,3,173.49,108.32,4,2,52.32,Frustrated,synthetic,1.0
47.22,0.394,1,142.67,122.75,4,1,-10.93,Normal,synthetic,1.0
23.57,0.499,8,5.0,30.0,11,0,53.01,Frustrated,synthetic,1.0
52.34,0.052,1,128.66,234.97,11,3,1.71,Normal,synthetic,1.0
38.44,0.542,6,75.27,44.26,5,1,48.78,Frustrated,synthetic,1.0
35.56,0.126,1,87.45,296.28,5,3,3.87,Addicted,synthetic,1.0
32.97,0.479,9,35.94,121.33,14,2,-1.12,Frustrated,synthetic,1.0
10.0,0.274,4,105.32,30.0,8,1,24.53,Normal,synthetic,1.0
22.09,0.624,6,122.8,79.08,6,4,28.55,Frustrated,synthetic,1.0
10.0,0.075,0,175.53,30.0,3,0,-14.92,Normal,synthetic,1.0
25.73,0.05,0,176.59,138.38,4,3,12.8,Normal,synthetic,1.0
24.49,0.314,5,142.72,94.9,10,3,1.41,Frustrated,synthetic,1.0
15.9,0.35,3,241.61,64.95,9,3,49.13,Normal,synthetic,1.0
23.46,0.658,11,5.0,30.0,14,1,-13.83,Frustrated,synthetic,1.0
10.0,0.386,4,111.91,194.57,10,3,32.89,Frustrated,synthetic,1.0
48.18,0.152,1,103.72,130.36,3,1,17.29,Normal,synthetic,1.0
60.03,0.425,5,24.52,299.33,11,1,11.4,Addicted,synthetic,1.0
51.56,0.182,3,29.88,188.25,12,3,27.73,Addicted,synthetic,1.0
88.86,0.584,5,39.65,170.76,10,1,34.65,Addicted,synthetic,1.0
53.34,0.815,12,160.96,82.05,14,1,57.65,Frustrated,synthetic,1.0
33.38,0.53,1,74.72,86.16,3,2,4.8,Addicted,synthetic,1.0
53.15,0.259,3,82.54,301.4,5,3,-23.83,Frustrated,synthetic,1.0
76.84,0.305,3,132.65,251.81,11,0,53.5,Addicted,synthetic,1.0
24.92,0.341,2,102.89,308.29,1,0,42.79,Addicted,synthetic,1.0
27.31,0.025,2,5.0,365.18,4,1,112.96,Addicted,synthetic,1.0
18.97,0.502,4,80.68,101.7,3,1,-27.78,Frustrated,synthetic,1.0
10.0,0.302,3,215.65,214.32,6,1,53.23,Normal,synthetic,1.0
28.68,0.398,3,131.07,127.08,4,2,6.44,Normal,synthetic,1.0
58.53,0.835,3,96.77,155.56,4,0,28.81,Normal,synthetic,1.0
40.42,0.412,8,30.08,40.78,14,3,47.39,Frustrated,synthetic,1.0
57.26,0.472,5,108.07,91.23,6,2,-6.36,Frustrated,synthetic,1.0
10.0,0.582,1,84.43,90.77,2,2,8.59,Normal,synthetic,1.0
71.27,0.193,2,140.74,274.17,6,3,55.03,Addicted,synthetic,1.0
78.29,0.22,2,173.1,79.7,2,1,-35.0,Normal,synthetic,1.0
23.23,0.57,5,146.81,76.32,7,1,19.89,Normal,synthetic,1.0
38.05,0.247,3,177.76,134.18,7,4,37.63,Normal,synthetic,1.0
51.43,0.282,3,228.22,126.92,13,0,-35.0,Normal,synthetic,1.0
50.77,0.579,9,69.99,30.0,12,4,-2.8,Frustrated,synthetic,1.0
10.0,0.674,8,145.16,138.64,11,2,31.02,Frustrated,synthetic,1.0
46.19,0.319,5,171.58,162.56,7,0,11.76,Frustrated,synthetic,1.0
40.28,0.136,2,46.08,102.08,10,0,-24.16,Normal,synthetic,1.0
27.63,0.515,10,113.46,175.38,12,0,35.45,Frustrated,synthetic,1.0
40.11,0.05,0,10.0,106.98,3,4,43.48,Normal,synthetic,1.0
10.0,0.586,5,38.78,121.84,4,3,28.7,Frustrated,synthetic,1.0
60.24,0.244,4,120.26,175.47,11,4,80.0,Normal,synthetic,1.0
55.44,0.211,1,92.95,210.76,9,3,-3.48,Addicted,synthetic,1.0
60.19,0.664,3,68.06,165.69,2,3,-40.0,Frustrated,synthetic,1.0
81.55,0.051,0,37.85,140.28,11,0,-3.73,Addicted,synthetic,1.0
52.13,0.496,1,220.6,230.1,1,0,14.71,Normal,synthetic,1.0
29.82,0.648,7,101.89,95.3,9,0,33.21,Frustrated,synthetic,1.0
10.0,0.49,5,40.08,328.98,9,3,62.24,Frustrated,synthetic,1.0
56.39,0.688,8,106.45,216.06,9,2,-35.0,Normal,synthetic,1.0
24.33,0.635,5,115.0,247.86,6,1,29.53,Normal,synthetic,1.0
10.0,0.28,1,57.41,124.9,1,2,11.61,Normal,synthetic,1.0
97.15,0.49,3,123.48,267.54,4,0,32.28,Addicted,synthetic,1.0
52.65,0.197,2,125.98,103.39,4,3,37.49,Addicted,synthetic,1.0
41.51,0.23,4,10.0,69.16,14,2,23.16,Normal,synthetic,1.0
56.71,0.188,4,110.6,225.22,13,0,11.19,Addicted,synthetic,1.0
54.61,0.671,5,56.74,257.96,5,4,101.93,Addicted,synthetic,1.0
50.11,0.787,7,190.66,154.94,4,2,24.91,Frustrated,synthetic,1.0
71.2,0.168,2,5.0,244.32,11,3,52.99,Addicted,synthetic,1.0
53.57,0.138,2,42.37,156.02,8,0,49.71,Addicted,synthetic,1.0
63.76,0.536,3,171.08,137.39,7,0,11.72,Normal,synthetic,1.0
64.23,0.077,0,5.0,319.49,1,4,-18.24,Addicted,synthetic,1.0
115.38,0.332,2,122.84,359.95,8,2,-10.36,Addicted,synthetic,1.0
10.0,0.609,4,104.93,119.68,3,0,29.81,Frustrated,synthetic,1.0
30.19,0.372,6,87.59,129.07,6,2,10.4,Frustrated,synthetic,1.0
68.01,0.091,2,127.95,328.58,13,4,63.27,Addicted,synthetic,1.0
63.67,0.229,3,61.23,276.04,5,1,54.64,Addicted,synthetic,1.0
52.26,0.553,6,25.29,230.28,11,4,-0.94,Addicted,synthetic,1.0
22.77,0.537,5,98.24,30.0,4,4,15.36,Frustrated,synthetic,1.0
76.0,0.105,0,114.97,147.56,7,0,16.74,Addicted,synthetic,1.0
34.25,0.617,4,26.12,349.56,8,4,13.78,Addicted,synthetic,1.0
33.05,0.466,3,150.86,58.26,4,1,0.65,Normal,synthetic,1.0
15.57,0.607,8,108.83,30.0,10,1,26.02,Frustrated,synthetic,1.0
20.76,0.179,2,84.37,155.35,4,3,-32.1,Normal,synthetic,1.0
47.08,0.024,2,138.33,265.2,9,4,4.19,Addicted,synthetic,1.0
23.77,0.326,4,135.4,141.57,10,3,-34.33,Frustrated,synthetic,1.0
42.95,0.879,9,41.87,112.35,6,3,18.09,Frustrated,synthetic,1.0
36.43,0.492,3,180.62,166.21,6,1,0.66,Normal,synthetic,1.0
22.0,0.459,6,42.14,84.05,10,3,29.99,Frustrated,synthetic,1.0
44.66,0.31,4,38.09,300.86,12,1,-2.96,Frustrated,synthetic,1.0
17.02,0.578,4,215.86,190.0,1,2,-20.38,Frustrated,synthetic,1.0
62.37,0.662,3,50.21,36.06,4,0,-1.48,Frustrated,synthetic,1.0
39.08,0.361,3,133.98,152.39,3,3,15.13,Normal,synthetic,1.0
63.75,0.266,1,181.51,189.12,5,2,-35.0,Normal,synthetic,1.0
37.34,0.498,5,5.0,81.82,8,0,11.69,Frustrated,synthetic,1.0
35.05,0.747,7,19.45,113.18,8,3,8.86,Frustrated,synthetic,1.0
28.67,0.736,8,106.51,66.79,11,1,26.48,Normal,synthetic,1.0
34.85,0.856,1,68.97,136.98,1,2,-12.44,Frustrated,synthetic,1.0
29.74,0.215,3,5.0,298.39,9,4,76.07,Addicted,synthetic,1.0
35.66,0.494,0,263.98,128.77,1,4,5.82,Normal,synthetic,1.0
13.26,0.29,2,223.75,73.98,10,4,15.33,Normal,synthetic,1.0
35.23,0.227,2,109.69,107.07,4,3,26.9,Normal,synthetic,1.0
14.52,0.578,5,226.77,104.83,4,4,20.83,Frustrated,synthetic,1.0
65.16,0.349,6,10.42,218.67,12,0,73.67,Addicted,synthetic,1.0
10.0,0.85,4,163.72,79.7,4,4,10.37,Normal,synthetic,1.0
31.77,0.526,6,196.88,187.11,12,3,10.87,Normal,synthetic,1.0
20.08,0.47,6,185.84,199.95,5,3,0.45,Frustrated,synthetic,1.0
15.0,0.042,1,23.91,181.99,11,4,51.1,Addicted,synthetic,1.0
36.17,0.137,1,57.74,252.31,1,1,73.08,Addicted,synthetic,1.0
10.0,0.782,2,90.77,75.35,2,2,37.0,Frustrated,synthetic,1.0
18.62,0.496,4,11.16,55.94,1,4,-5.13,Frustrated,synthetic,1.0
61.56,0.504,5,198.58,158.72,7,1,17.79,Normal,synthetic,1.0
51.36,0.482,7,96.21,49.17,11,1,27.34,Normal,synthetic,1.0
76.31,0.275,4,126.23,231.7,13,2,-20.0,Addicted,synthetic,1.0
10.0,0.374,7,102.47,232.75,10,4,28.22,Frustrated,synthetic,1.0
50.52,0.677,8,119.19,150.57,12,0,13.81,Normal,synthetic,1.0
10.0,0.789,8,5.0,192.78,8,2,4.2,Frustrated,synthetic,1.0
54.87,0.091,1,126.35,342.1,12,3,70.03,Addicted,synthetic,1.0
10.0,0.109,1,233.56,61.91,13,1,15.0,Normal,synthetic,1.0
26.32,0.897,12,89.42,176.88,13,1,64.93,Frustrated,synthetic,1.0
43.98,0.146,2,68.79,64.44,13,0,33.77,Normal,synthetic,1.0
40.05,0.086,0,65.56,214.84,2,1,2.63,Addicted,synthetic,1.0
19.96,0.861,9,109.04,184.89,9,2,-21.3,Frustrated,synthetic,1.0
17.46,0.572,7,63.72,99.83,6,3,29.31,Frustrated,synthetic,1.0
48.88,0.337,2,118.34,121.5,6,4,-16.48,Normal,synthetic,1.0
68.17,0.204,3,92.69,254.52,12,4,97.02,Addicted,synthetic,1.0
23.48,0.254,2,243.73,44.24,1,2,44.0,Normal,synthetic,1.0
55.29,0.643,9,35.45,88.61,10,2,22.9,Frustrated,synthetic,1.0
90.0,0.163,4,99.84,123.79,3,4,2.02,Frustrated,synthetic,1.0
85.13,0.67,9,127.59,118.85,13,3,1.25,Normal,synthetic,1.0
60.49,0.455,6,141.64,178.3,8,3,32.71,Frustrated,synthetic,1.0
17.16,0.796,13,205.14,194.46,14,0,55.54,Frustrated,synthetic,1.0
19.64,0.708,4,109.56,197.74,3,3,5.06,Frustrated,synthetic,1.0
43.67,0.232,2,167.48,30.0,3,2,26.68,Normal,synthetic,1.0
48.94,0.694,13,81.07,196.58,13,0,22.73,Frustrated,synthetic,1.0
10.0,0.346,4,300.0,139.48,6,1,24.41,Normal,synthetic,1.0
10.0,0.377,1,60.75,137.85,4,3,48.06,Normal,synthetic,1.0
15.0,0.314,4,5.42,246.47,10,2,60.7,Addicted,synthetic,1.0
23.22,0.732,10,88.24,264.42,13,2,-40.0,Frustrated,synthetic,1.0
55.55,0.62,4,73.71,30.0,5,4,26.48,Normal,synthetic,1.0
10.0,0.723,8,210.27,100.36,7,3,-10.41,Frustrated,synthetic,1.0
15.0,0.217,3,68.57,252.1,6,2,55.35,Addicted,synthetic,1.0
37.76,0.057,2,90.0,99.83,7,4,40.03,Normal,synthetic,1.0
43.54,0.502,5,61.85,261.06,11,4,36.74,Addicted,synthetic,1.0
79.25,0.17,1,62.44,146.24,8,2,53.19,Addicted,synthetic,1.0
10.0,0.751,4,166.37,139.72,4,2,0.48,Frustrated,synthetic,1.0
63.3,0.449,2,65.66,257.58,1,0,86.57,Addicted,synthetic,1.0
32.79,0.412,7,40.72,169.77,12,4,-40.0,Frustrated,synthetic,1.0
35.8,0.387,5,170.31,158.64,14,2,-28.08,Normal,synthetic,1.0
10.41,0.753,9,111.26,56.65,8,3,16.07,Frustrated,synthetic,1.0
50.0,0.425,5,56.25,230.55,9,0,13.92,Addicted,synthetic,1.0
77.48,0.039,2,86.23,196.69,12,1,61.0,Addicted,synthetic,1.0
87.05,0.654,7,5.0,279.76,9,1,98.57,Addicted,synthetic,1.0
32.55,0.321,1,93.93,228.65,4,3,24.4,Normal,synthetic,1.0
39.18,0.45,7,50.59,126.98,8,2,-3.97,Frustrated,synthetic,1.0
64.41,0.179,3,78.37,299.31,13,4,42.88,Addicted,synthetic,1.0
38.54,0.083,1,47.53,251.17,6,0,42.69,Addicted,synthetic,1.0
37.23,0.324,3,6.61,70.33,4,4,43.22,Addicted,synthetic,1.0
41.01,0.287,3,90.63,230.01,7,2,16.29,Addicted,synthetic,1.0
32.17,0.05,0,76.81,124.9,1,2,15.94,Normal,synthetic,1.0
36.09,0.764,10,212.93,148.78,14,1,-5.05,Normal,synthetic,1.0
62.12,0.181,2,138.1,287.14,5,4,37.04,Addicted,synthetic,1.0
68.63,0.201,2,5.0,233.06,2,0,10.26,Addicted,synthetic,1.0
58.43,0.215,3,5.0,264.73,11,3,17.22,Addicted,synthetic,1.0
33.33,0.374,4,100.57,215.55,13,3,20.87,Addicted,synthetic,1.0
26.5,0.7,9,142.02,305.66,12,2,22.15,Addicted,synthetic,1.0
58.31,0.408,6,92.37,50.71,13,2,-6.27,Normal,synthetic,1.0
37.93,0.675,8,49.37,70.75,8,4,15.09,Frustrated,synthetic,1.0
32.5,0.337,2,159.9,151.83,1,0,4.65,Normal,synthetic,1.0
90.38,0.16,0,69.58,177.16,3,2,33.54,Addicted,synthetic,1.0
79.86,0.167,1,15.44,144.73,2,0,3.03,Addicted,synthetic,1.0
10.0,0.387,1,94.6,76.78,5,1,-34.17,Normal,synthetic,1.0
40.15,0.85,13,57.39,213.73,13,3,-0.86,Normal,synthetic,1.0
52.76,0.266,5,166.3,140.97,10,4,12.1,Frustrated,synthetic,1.0
63.04,0.264,3,101.62,168.33,6,2,12.89,Frustrated,synthetic,1.0
68.47,0.538,2,91.32,147.54,3,1,-17.55,Normal,synthetic,1.0
78.14,0.4,3,10.52,282.43,8,4,12.33,Addicted,synthetic,1.0
18.8,0.191,2,192.03,151.42,4,2,4.0,Normal,synthetic,1.0
71.7,0.859,4,65.09,212.27,4,3,70.26,Frustrated,synthetic,1.0
54.46,0.058,1,95.04,308.93,9,1,47.17,Addicted,synthetic,1.0
52.36,0.283,4,95.54,222.58,8,2,-10.28,Frustrated,synthetic,1.0
10.0,0.606,3,86.58,95.59,1,2,15.43,Frustrated,synthetic,1.0
13.52,0.511,7,208.97,170.47,13,3,-13.53,Normal,synthetic,1.0
83.45,0.445,2,56.55,160.95,5,1,-20.0,Addicted,synthetic,1.0
25.28,0.218,4,93.43,403.77,13,0,-18.12,Addicted,synthetic,1.0
12.02,0.293,0,96.4,39.53,2,2,22.95,Normal,synthetic,1.0
53.29,0.219,2,201.85,184.17,10,0,-32.49,Normal,synthetic,1.0
16.08,0.604,8,158.39,30.0,10,2,-35.0,Normal,synthetic,1.0
24.3,0.371,3,5.0,96.75,7,1,38.73,Frustrated,synthetic,1.0
86.53,0.494,8,164.81,115.81,10,1,50.8,Frustrated,synthetic,1.0
61.97,0.259,5,124.4,122.68,6,1,-20.36,Frustrated,synthetic,1.0
35.55,0.562,10,80.77,175.23,12,2,48.94,Frustrated,synthetic,1.0
10.0,0.674,10,238.79,154.41,14,1,-25.24,Normal,synthetic,1.0
10.0,0.688,9,24.25,79.1,12,1,-2.39,Frustrated,synthetic,1.0
40.61,0.517,5,159.6,102.83,6,2,-36.71,Frustrated,synthetic,1.0
104.78,0.117,0,57.43,256.57,8,4,45.16,Addicted,synthetic,1.0
84.43,0.01,2,66.54,193.32,11,1,-20.0,Addicted,synthetic,1.0
43.77,0.589,2,67.17,340.04,3,0,67.02,Addicted,synthetic,1.0
14.56,0.448,0,214.73,111.26,1,4,37.3,Normal,synthetic,1.0
54.39,0.482,6,5.07,247.18,12,0,70.09,Addicted,synthetic,1.0
36.51,0.61,3,111.66,233.57,4,2,38.69,Frustrated,synthetic,1.0
60.22,0.585,2,5.0,80.74,1,2,-40.0,Frustrated,synthetic,1.0
27.52,0.407,7,93.44,335.24,13,0,-2.78,Addicted,synthetic,1.0
10.0,0.164,2,47.37,193.71,1,4,11.58,Normal,synthetic,1.0
11.38,0.516,3,160.67,195.86,4,3,-34.75,Normal,synthetic,1.0
10.0,0.281,2,236.76,134.91,9,1,-17.58,Normal,synthetic,1.0
21.72,0.8,9,41.13,81.26,8,0,35.95,Frustrated,synthetic,1.0
15.0,0.298,4,172.2,427.69,14,4,70.47,Addicted,synthetic,1.0
10.0,0.493,5,93.95,95.5,5,0,-14.76,Frustrated,synthetic,1.0
48.9,0.595,5,42.87,255.21,10,0,19.08,Addicted,synthetic,1.0
10.0,0.226,2,162.47,152.14,3,3,-1.95,Normal,synthetic,1.0
20.55,0.635,3,103.45,82.27,3,1,-17.15,Frustrated,synthetic,1.0
53.37,0.712,5,106.1,223.42,2,0,-23.21,Frustrated,synthetic,1.0
19.51,0.263,3,131.89,206.38,14,2,63.57,Normal,synthetic,1.0
47.94,0.408,5,6.11,337.01,14,0,52.11,Addicted,synthetic,1.0
42.3,0.476,8,157.89,30.0,11,3,11.21,Frustrated,synthetic,1.0
10.0,0.381,6,39.57,128.87,9,0,-23.21,Frustrated,synthetic,1.0
10.0,0.472,7,110.88,132.13,9,4,-22.92,Frustrated,synthetic,1.0
42.85,0.458,4,149.38,70.81,6,1,11.42,Frustrated,synthetic,1.0
36.9,0.314,4,91.59,106.67,12,0,-6.0,Normal,synthetic,1.0
35.95,0.47,3,74.85,182.37,3,4,34.52,Frustrated,synthetic,1.0
34.5,0.708,11,72.49,30.0,13,2,28.27,Normal,synthetic,1.0
59.62,0.216,1,58.0,250.76,2,4,60.28,Addicted,synthetic,1.0
86.56,0.485,5,97.31,162.59,7,2,23.64,Addicted,synthetic,1.0
10.0,0.453,4,23.0,141.59,6,3,-28.24,Normal,synthetic,1.0
52.86,0.449,1,115.68,311.65,4,4,82.69,Addicted,synthetic,1.0
35.02,0.463,7,209.28,84.56,13,3,29.2,Normal,synthetic,1.0
31.25,0.646,8,155.86,180.35,9,2,37.49,Frustrated,synthetic,1.0
26.08,0.391,3,118.95,289.67,8,0,47.81,Addicted,synthetic,1.0
28.06,0.663,10,104.3,72.53,12,1,18.21,Frustrated,synthetic,1.0
58.08,0.546,0,69.63,92.4,1,1,15.48,Normal,synthetic,1.0
26.21,0.783,4,181.93,30.0,4,2,35.49,Frustrated,synthetic,1.0
25.73,0.569,10,88.29,161.35,12,4,-28.61,Frustrated,synthetic,1.0
47.04,0.289,4,106.84,133.74,11,2,-7.07,Normal,synthetic,1.0
22.23,0.275,7,84.65,125.37,12,1,4.86,Frustrated,synthetic,1.0
15.51,0.688,10,22.9,156.02,14,0,48.93,Normal,synthetic,1.0
22.75,0.76,7,87.48,143.85,8,3,13.12,Normal,synthetic,1.0
40.0,0.393,1,57.19,144.99,3,3,30.54,Addicted,synthetic,1.0
27.66,0.451,5,16.76,92.36,12,3,83.11,Addicted,synthetic,1.0
78.34,0.36,2,83.86,374.18,7,3,29.93,Addicted,synthetic,1.0
67.18,0.102,2,66.16,210.54,8,2,62.27,Addicted,synthetic,1.0
28.9,0.669,3,5.0,164.57,1,1,7.95,Frustrated,synthetic,1.0
83.71,0.138,0,102.57,208.85,4,4,12.23,Normal,synthetic,1.0
41.03,0.374,5,48.44,92.45,13,1,23.32,Frustrated,synthetic,1.0
59.46,0.467,6,200.05,84.24,9,1,0.08,Frustrated,synthetic,1.0
23.72,0.222,2,5.0,151.91,7,4,47.63,Addicted,synthetic,1.0
79.29,0.61,3,79.18,260.87,5,2,31.51,Addicted,synthetic,1.0
109.03,0.325,5,5.0,235.0,12,1,-19.62,Addicted,synthetic,1.0
130.0,0.057,2,68.53,330.77,2,2,88.51,Addicted,synthetic,1.0
65.85,0.281,4,46.72,122.59,13,2,23.32,Addicted,synthetic,1.0
90.32,0.218,2,5.0,261.63,3,3,41.89,Addicted,synthetic,1.0
81.32,0.273,2,124.78,145.22,2,4,13.58,Frustrated,synthetic,1.0
10.0,0.515,0,223.44,104.94,1,1,18.59,Normal,synthetic,1.0
72.79,0.275,1,108.27,161.49,5,1,15.74,Normal,synthetic,1.0
33.95,0.159,3,29.02,221.7,12,2,47.47,Addicted,synthetic,1.0
31.34,0.432,8,46.9,139.95,14,3,51.98,Addicted,synthetic,1.0
85.97,0.442,1,36.51,315.22,3,1,58.57,Addicted,synthetic,1.0
40.18,0.315,3,215.96,69.76,3,4,44.62,Frustrated,synthetic,1.0
83.11,0.232,3,130.93,375.31,9,1,-14.65,Addicted,synthetic,1.0
20.54,0.618,10,191.34,141.84,14,1,7.02,Normal,synthetic,1.0
53.75,0.71,12,93.93,128.47,14,1,44.76,Frustrated,synthetic,1.0
36.31,0.217,3,145.68,175.76,8,1,33.0,Normal,synthetic,1.0
70.15,0.267,1,17.6,60.0,6,4,130.0,Addicted,synthetic,1.0
45.72,0.753,8,178.91,118.67,8,0,-14.88,Normal,synthetic,1.0
38.02,0.289,1,37.18,228.73,2,2,52.2,Addicted,synthetic,1.0
22.46,0.701,7,105.83,97.44,7,1,-33.39,Frustrated,synthetic,1.0
30.47,0.85,8,215.5,157.01,8,1,-33.29,Normal,synthetic,1.0
38.96,0.423,6,72.47,141.54,13,4,-30.79,Frustrated,synthetic,1.0
64.97,0.187,3,48.74,130.15,9,3,-20.0,Addicted,synthetic,1.0
41.94,0.051,1,76.28,108.9,13,1,30.38,Normal,synthetic,1.0
12.95,0.144,2,152.43,137.59,1,0,12.13,Normal,synthetic,1.0
42.61,0.422,4,56.69,282.26,11,4,2.05,Addicted,synthetic,1.0
56.86,0.033,0,9.39,338.48,10,3,41.95,Addicted,synthetic,1.0
19.53,0.045,0,78.03,195.97,3,4,53.95,Addicted,synthetic,1.0
108.31,0.535,4,102.48,317.55,6,4,31.4,Addicted,synthetic,1.0
72.92,0.249,2,20.87,225.19,1,3,12.03,Addicted,synthetic,1.0
15.71,0.635,5,138.31,153.29,4,1,68.89,Frustrated,synthetic,1.0
33.78,0.296,2,179.93,207.75,4,2,39.42,Normal,synthetic,1.0
69.45,0.5,5,50.0,350.54,10,0,18.8,Addicted,synthetic,1.0
71.37,0.19,2,96.39,107.18,11,2,30.62,Addicted,synthetic,1.0
32.86,0.429,5,294.24,35.32,7,3,5.01,Normal,synthetic,1.0
37.94,0.197,1,58.48,206.28,1,2,32.23,Addicted,synthetic,1.0
10.44,0.709,11,16.2,193.98,12,1,-40.0,Frustrated,synthetic,1.0
58.85,0.402,2,5.0,130.88,4,4,111.5,Addicted,synthetic,1.0
71.92,0.13,1,22.98,325.72,10,2,51.47,Addicted,synthetic,1.0
48.18,0.415,3,152.37,145.5,6,0,4.28,Normal,synthetic,1.0
33.24,0.394,0,252.39,172.57,1,2,54.44,Normal,synthetic,1.0
36.36,0.417,7,90.5,121.46,13,2,61.29,Addicted,synthetic,1.0
16.95,0.534,2,26.02,218.02,3,1,5.38,Frustrated,synthetic,1.0
67.15,0.719,6,129.42,244.0,4,2,-40.0,Frustrated,synthetic,1.0
70.9,0.56,6,162.82,41.42,10,2,-8.19,Normal,synthetic,1.0
69.06,0.494,3,37.21,167.86,5,0,-20.0,Addicted,synthetic,1.0
72.6,0.235,0,99.3,334.08,3,2,22.39,Addicted,synthetic,1.0
42.99,0.648,7,74.33,127.49,11,3,26.68,Normal,synthetic,1.0
73.93,0.501,7,177.45,130.46,13,0,-0.98,Normal,synthetic,1.0
29.53,0.692,6,71.99,156.47,7,4,1.76,Frustrated,synthetic,1.0
45.04,0.777,1,181.14,30.0,1,3,46.02,Normal,synthetic,1.0
77.88,0.192,3,93.24,256.96,7,3,8.07,Addicted,synthetic,1.0
37.82,0.688,4,223.52,85.85,5,1,14.8,Normal,synthetic,1.0
10.0,0.648,2,85.79,126.78,4,1,-13.44,Normal,synthetic,1.0
77.3,0.392,7,5.0,340.2,14,1,3.89,Addicted,synthetic,1.0
25.48,0.391,7,142.52,218.84,14,3,9.58,Frustrated,synthetic,1.0
58.2,0.308,1,157.44,105.33,1,1,-7.44,Normal,synthetic,1.0
26.62,0.534,6,55.28,298.26,9,0,1.84,Addicted,synthetic,1.0
43.44,0.752,1,117.87,142.41,1,4,9.54,Normal,synthetic,1.0
33.54,0.444,2,62.18,258.04,5,0,-20.0,Addicted,synthetic,1.0
27.21,0.68,4,27.52,188.32,3,4,33.44,Frustrated,synthetic,1.0
31.32,0.617,8,197.08,109.93,11,3,-7.79,Frustrated,synthetic,1.0
34.89,0.395,2,67.93,120.25,2,1,39.18,Normal,synthetic,1.0
10.62,0.483,5,73.95,79.06,5,1,-20.2,Frustrated,synthetic,1.0
62.83,0.695,10,143.92,72.51,11,0,-12.78,Frustrated,synthetic,1.0
47.88,0.181,1,5.0,267.76,5,3,52.01,Addicted,synthetic,1.0
54.96,0.225,4,221.48,176.31,14,3,2.92,Normal,synthetic,1.0
50.08,0.465,7,5.0,240.25,13,4,30.7,Addicted,synthetic,1.0
33.39,0.692,7,34.23,281.74,11,2,-20.0,Addicted,synthetic,1.0
45.04,0.291,2,62.29,233.87,5,3,6.17,Addicted,synthetic,1.0
35.45,0.1,1,214.37,86.46,14,0,33.41,Normal,synthetic,1.0
41.12,0.569,9,104.12,83.64,14,1,-9.4,Normal,synthetic,1.0
42.46,0.304,1,124.46,301.01,3,0,60.43,Addicted,synthetic,1.0
12.15,0.295,2,189.1,130.33,4,3,22.21,Normal,synthetic,1.0
18.08,0.556,4,48.66,260.54,1,4,-14.13,Frustrated,synthetic,1.0
20.49,0.588,7,121.86,122.14,9,2,47.98,Normal,synthetic,1.0
46.09,0.529,6,146.08,87.15,13,0,-8.17,Normal,synthetic,1.0
56.88,0.058,2,71.8,289.96,7,2,35.53,Addicted,synthetic,1.0
77.08,0.383,2,152.02,30.0,1,4,-4.03,Normal,synthetic,1.0
36.97,0.208,2,215.71,147.53,10,3,-11.39,Normal,synthetic,1.0
48.92,0.553,0,95.43,178.58,1,0,54.69,Normal,synthetic,1.0
58.81,0.081,1,111.16,244.28,12,0,28.68,Addicted,synthetic,1.0
48.19,0.56,4,79.14,58.52,6,4,-34.39,Frustrated,synthetic,1.0
59.73,0.16,0,108.34,155.86,3,4,37.33,Addicted,synthetic,1.0
39.72,0.52,6,5.0,194.66,10,2,36.59,Addicted,synthetic,1.0
53.06,0.556,9,155.0,30.0,13,3,-35.0,Normal,synthetic,1.0
10.0,0.828,10,16.45,133.57,8,0,-0.49,Frustrated,synthetic,1.0
10.0,0.127,2,177.19,119.94,14,2,14.43,Normal,synthetic,1.0
55.53,0.645,9,101.7,42.67,12,3,12.04,Frustrated,synthetic,1.0
65.51,0.245,3,106.64,246.18,6,1,94.95,Addicted,synthetic,1.0
31.95,0.509,9,166.26,187.07,14,1,-7.16,Frustrated,synthetic,1.0
35.76,0.704,9,128.14,225.45,10,3,-24.63,Normal,synthetic,1.0
35.31,0.45,7,140.35,54.32,14,4,42.52,Normal,synthetic,1.0
81.62,0.078,1,73.41,196.02,3,4,32.16,Addicted,synthetic,1.0
130.0,0.572,4,93.72,76.66,7,1,-3.56,Addicted,synthetic,1.0
52.45,0.184,3,5.0,132.49,9,0,18.89,Addicted,synthetic,1.0
16.18,0.404,4,210.75,213.73,12,1,-2.68,Normal,synthetic,1.0
55.28,0.07,0,69.46,355.63,12,0,10.08,Addicted,synthetic,1.0
80.11,0.379,5,65.92,197.96,8,2,105.41,Addicted,synthetic,1.0
56.93,0.426,5,53.11,220.22,14,1,-9.8,Normal,synthetic,1.0
51.1,0.407,3,11.07,76.48,7,3,-7.95,Frustrated,synthetic,1.0
33.0,0.404,2,175.84,116.76,1,1,13.42,Normal,synthetic,1.0
37.23,0.704,4,95.95,73.01,4,1,-1.22,Normal,synthetic,1.0
48.44,0.344,5,213.05,318.05,14,4,1.06,Addicted,synthetic,1.0
90.87,0.523,7,92.42,219.85,14,1,-6.86,Addicted,synthetic,1.0
18.13,0.937,9,86.69,232.97,8,4,54.29,Frustrated,synthetic,1.0
46.11,0.511,2,99.6,167.91,4,1,43.13,Normal,synthetic,1.0
14.8,0.533,8,85.73,179.33,14,3,26.32,Frustrated,synthetic,1.0
41.13,0.135,3,93.47,299.48,12,4,2.08,Addicted,synthetic,1.0
48.24,0.658,4,72.44,158.14,5,4,33.81,Normal,synthetic,1.0
91.79,0.156,2,47.98,138.39,9,2,65.26,Addicted,synthetic,1.0
70.5,0.449,4,40.35,250.11,5,3,-20.0,Addicted,synthetic,1.0
66.55,0.46,4,55.2,129.22,8,2,6.58,Frustrated,synthetic,1.0
35.69,0.802,10,10.0,149.54,11,1,0.44,Normal,synthetic,1.0
10.0,0.621,7,98.03,46.4,11,1,10.49,Frustrated,synthetic,1.0
10.0,0.837,11,64.22,294.13,10,0,-17.48,Frustrated,synthetic,1.0
49.71,0.02,1,54.86,177.78,3,1,58.51,Addicted,synthetic,1.0
10.0,0.364,4,175.7,111.83,13,4,-12.53,Normal,synthetic,1.0
17.17,0.206,3,51.27,185.57,8,2,-8.75,Addicted,synthetic,1.0
10.0,0.614,2,110.53,30.0,2,2,42.07,Frustrated,synthetic,1.0
22.91,0.755,9,26.62,75.22,13,2,-3.47,Normal,synthetic,1.0
80.74,0.037,0,61.16,216.19,7,2,33.22,Addicted,synthetic,1.0
53.13,0.299,3,5.0,204.82,13,2,70.56,Addicted,synthetic,1.0
15.79,0.924,10,83.59,30.0,9,3,27.27,Frustrated,synthetic,1.0
37.22,0.285,4,135.93,111.86,11,1,-8.23,Frustrated,synthetic,1.0
85.9,0.137,1,68.7,328.48,10,0,5.13,Addicted,synthetic,1.0
11.06,0.81,9,177.98,137.39,10,1,61.37,Frustrated,synthetic,1.0
55.06,0.782,9,155.43,212.32,9,3,7.29,Frustrated,synthetic,1.0
61.99,0.617,4,152.06,122.62,2,4,-40.0,Frustrated,synthetic,1.0
27.67,0.51,5,130.81,92.12,8,4,61.19,Frustrated,synthetic,1.0
19.17,0.276,4,125.0,177.09,12,1,-23.64,Normal,synthetic,1.0
29.61,0.596,3,149.9,38.29,6,2,-7.03,Normal,synthetic,1.0
11.45,0.571,5,161.22,90.07,2,1,29.34,Frustrated,synthetic,1.0
10.0,0.503,6,188.3,234.73,11,1,33.92,Frustrated,synthetic,1.0
16.79,0.591,2,44.36,165.37,2,2,5.55,Frustrated,synthetic,1.0
42.75,0.356,3,246.34,164.24,11,3,43.31,Normal,synthetic,1.0
23.18,0.535,3,46.77,216.18,2,3,32.28,Addicted,synthetic,1.0
91.1,0.05,2,99.32,296.58,7,4,11.18,Addicted,synthetic,1.0
49.46,0.659,7,104.57,54.85,12,1,32.36,Normal,synthetic,1.0
30.25,0.083,3,88.45,472.17,14,4,36.91,Addicted,synthetic,1.0
61.61,0.185,1,152.17,175.62,6,2,2.28,Addicted,synthetic,1.0
50.58,0.681,3,131.11,165.76,4,4,-5.53,Frustrated,synthetic,1.0
84.54,0.489,8,187.25,145.07,9,0,-26.64,Frustrated,synthetic,1.0
10.43,0.772,4,190.56,198.02,4,3,-40.0,Frustrated,synthetic,1.0
14.41,0.4,4,211.04,205.44,8,3,-35.0,Normal,synthetic,1.0
23.34,0.746,6,5.0,171.01,4,1,-30.3,Frustrated,synthetic,1.0
56.56,0.589,6,99.14,385.11,9,2,73.35,Addicted,synthetic,1.0
52.69,0.156,0,118.07,298.02,6,1,23.58,Addicted,synthetic,1.0
77.79,0.565,5,55.87,219.68,8,3,71.67,Addicted,synthetic,1.0
50.07,0.564,8,132.75,116.56,10,0,47.97,Frustrated,synthetic,1.0
36.96,0.638,9,65.48,117.78,10,4,32.58,Frustrated,synthetic,1.0
48.16,0.554,6,160.04,30.0,10,3,38.55,Normal,synthetic,1.0
19.26,0.688,8,21.3,120.56,6,1,-16.01,Frustrated,synthetic,1.0
80.62,0.085,2,29.0,86.61,5,3,49.19,Addicted,synthetic,1.0
21.89,0.751,6,82.38,159.74,3,3,53.18,Frustrated,synthetic,1.0
64.27,0.144,3,66.47,403.87,11,1,46.28,Addicted,synthetic,1.0
10.0,0.236,2,136.28,112.05,3,0,46.89,Normal,synthetic,1.0
10.0,0.45,7,10.0,30.0,12,0,18.93,Normal,synthetic,1.0
44.99,0.431,4,67.55,141.23,9,0,26.45,Addicted,synthetic,1.0
33.46,0.539,3,114.93,35.86,5,4,49.27,Frustrated,synthetic,1.0
60.52,0.154,1,10.29,126.59,12,3,48.07,Addicted,synthetic,1.0
16.09,0.666,2,64.07,134.45,2,3,28.89,Frustrated,synthetic,1.0
80.72,0.559,6,66.77,312.07,8,0,15.75,Addicted,synthetic,1.0
60.54,0.201,0,60.51,233.83,1,2,6.88,Addicted,synthetic,1.0
49.56,0.581,3,143.8,182.18,3,3,38.58,Normal,synthetic,1.0
23.14,0.208,2,26.42,83.75,2,0,11.63,Addicted,synthetic,1.0
12.86,0.182,0,230.24,117.92,4,2,7.37,Normal,synthetic,1.0
58.93,0.634,11,156.46,68.81,13,0,52.45,Frustrated,synthetic,1.0
52.41,0.496,8,194.73,172.51,13,3,-3.05,Normal,synthetic,1.0
38.6,0.117,0,96.58,298.71,2,2,41.24,Addicted,synthetic,1.0
15.0,0.088,2,24.63,228.56,6,3,3.69,Addicted,synthetic,1.0
78.07,0.282,3,30.15,120.05,4,2,83.73,Addicted,synthetic,1.0
20.55,0.476,7,63.43,132.69,8,3,17.86,Frustrated,synthetic,1.0
72.34,0.235,2,66.88,219.02,3,1,35.17,Addicted,synthetic,1.0
42.93,0.107,3,99.17,172.34,10,2,32.63,Normal,synthetic,1.0
36.92,0.259,0,50.38,318.11,2,1,57.63,Addicted,synthetic,1.0
56.94,0.715,2,182.29,69.8,3,4,16.13,Normal,synthetic,1.0
45.49,0.316,2,186.61,156.38,8,3,-0.27,Normal,synthetic,1.0
33.88,0.352,4,115.91,89.72,8,4,7.66,Normal,synthetic,1.0
21.56,0.162,3,260.52,90.7,12,0,-10.34,Normal,synthetic,1.0
75.57,0.3,5,50.88,329.64,11,2,8.66,Addicted,synthetic,1.0
15.84,0.179,6,18.12,146.75,13,0,-14.8,Frustrated,synthetic,1.0
10.41,0.348,5,5.0,64.15,12,2,9.66,Frustrated,synthetic,1.0
65.24,0.24,2,67.26,375.8,10,4,20.37,Addicted,synthetic,1.0
90.72,0.247,3,66.55,49.77,14,4,34.55,Normal,synthetic,1.0
39.16,0.325,1,47.52,112.15,6,3,30.58,Normal,synthetic,1.0
29.9,0.285,3,116.82,237.77,10,4,49.13,Addicted,synthetic,1.0
10.0,0.492,6,175.04,75.62,11,4,-11.55,Normal,synthetic,1.0
72.12,0.451,4,84.17,182.08,9,1,10.38,Addicted,synthetic,1.0
13.38,0.392,4,155.21,157.93,7,0,49.13,Normal,synthetic,1.0
69.46,0.246,5,20.1,202.21,14,0,19.89,Addicted,synthetic,1.0
95.97,0.259,2,179.09,323.31,3,0,10.37,Addicted,synthetic,1.0
11.44,0.1,4,118.7,90.99,12,0,43.19,Frustrated,synthetic,1.0
19.12,0.606,8,109.74,184.5,11,2,33.51,Frustrated,synthetic,1.0
55.15,0.426,5,48.6,184.04,9,2,48.9,Addicted,synthetic,1.0
19.34,0.08,1,5.0,176.27,5,4,78.77,Addicted,synthetic,1.0
106.68,0.467,1,97.83,303.65,4,0,83.51,Addicted,synthetic,1.0
54.59,0.517,6,172.57,180.87,11,1,-21.62,Frustrated,synthetic,1.0
80.28,0.188,3,132.31,204.42,12,3,35.43,Addicted,synthetic,1.0
34.35,0.597,7,79.88,128.26,10,3,11.98,Frustrated,synthetic,1.0
68.12,0.061,1,7.54,115.59,8,0,50.9,Addicted,synthetic,1.0
20.98,0.41,6,159.35,157.81,14,2,24.81,Normal,synthetic,1.0
42.7,0.21,4,133.23,269.78,14,2,40.3,Addicted,synthetic,1.0
33.3,0.201,4,38.19,244.6,3,1,10.38,Frustrated,synthetic,1.0
10.0,0.576,8,5.0,99.96,10,4,-0.69,Frustrated,synthetic,1.0
28.0,0.378,1,139.2,76.59,2,4,-15.34,Normal,synthetic,1.0
44.09,0.217,2,10.0,109.39,1,0,23.78,Normal,synthetic,1.0
16.55,0.341,6,195.1,313.21,13,0,18.74,Frustrated,synthetic,1.0
10.0,0.421,5,106.55,116.39,9,0,-12.04,Frustrated,synthetic,1.0
70.88,0.094,2,101.3,285.17,12,3,12.22,Addicted,synthetic,1.0
10.0,0.818,3,167.77,175.72,4,3,31.61,Normal,synthetic,1.0
97.23,0.478,7,10.84,149.01,14,2,-8.72,Addicted,synthetic,1.0
10.0,0.396,2,92.12,74.82,1,4,-17.44,Frustrated,synthetic,1.0
16.37,0.505,5,241.18,46.15,7,1,21.45,Normal,synthetic,1.0
15.0,0.58,6,151.57,291.42,9,3,52.69,Addicted,synthetic,1.0
65.29,0.7,7,171.07,139.57,10,3,-11.14,Addicted,synthetic,1.0
40.3,0.712,2,44.89,105.99,1,0,-35.0,Normal,synthetic,1.0
54.38,0.135,1,260.59,51.59,14,3,14.15,Normal,synthetic,1.0
58.04,0.7,9,66.47,365.74,11,0,27.9,Addicted,synthetic,1.0
15.0,0.1,2,105.2,247.75,6,0,11.03,Addicted,synthetic,1.0
56.6,0.292,3,56.8,222.33,11,3,-13.64,Addicted,synthetic,1.0
29.79,0.709,9,280.0,223.7,12,2,4.78,Frustrated,synthetic,1.0
64.44,0.079,1,69.55,243.98,6,3,21.92,Addicted,synthetic,1.0
37.05,0.296,2,99.21,229.39,7,3,45.28,Addicted,synthetic,1.0
37.53,0.75,7,157.05,193.95,8,1,24.84,Normal,synthetic,1.0
13.12,0.242,3,147.37,77.9,8,3,-1.99,Normal,synthetic,1.0
29.96,0.393,4,68.27,349.11,11,2,75.47,Addicted,synthetic,1.0
39.39,0.698,5,103.1,121.13,4,1,52.81,Frustrated,synthetic,1.0
21.98,0.445,4,110.06,30.2,8,4,9.46,Frustrated,synthetic,1.0
57.63,0.428,7,82.77,30.0,11,4,13.9,Frustrated,synthetic,1.0
26.63,0.42,7,86.64,88.05,13,1,45.47,Normal,synthetic,1.0
72.23,0.194,1,25.74,300.48,9,1,31.18,Addicted,synthetic,1.0
69.74,0.44,4,57.89,144.44,10,0,18.37,Addicted,synthetic,1.0
37.51,0.583,5,223.76,203.06,9,4,2.58,Normal,synthetic,1.0
28.47,0.379,4,36.63,98.48,4,2,14.75,Frustrated,synthetic,1.0
65.52,0.247,3,11.08,318.4,13,0,21.98,Addicted,synthetic,1.0
31.89,0.464,0,225.44,112.46,2,2,20.49,Normal,synthetic,1.0
60.18,0.767,9,230.63,179.4,12,2,-12.18,Normal,synthetic,1.0
26.54,0.594,4,135.03,257.18,1,1,-26.4,Frustrated,synthetic,1.0
69.45,0.256,2,97.79,106.89,8,0,29.94,Normal,synthetic,1.0
74.73,0.528,6,38.44,303.9,9,0,45.9,Addicted,synthetic,1.0
38.99,0.421,3,60.34,141.53,9,0,23.99,Normal,synthetic,1.0
45.87,0.237,2,5.0,279.34,8,0,125.44,Addicted,synthetic,1.0
17.79,0.658,8,118.25,98.09,11,0,79.85,Frustrated,synthetic,1.0
74.67,0.668,6,154.72,67.06,6,2,-10.01,Normal,synthetic,1.0
39.11,0.502,8,59.24,93.22,9,4,71.35,Frustrated,synthetic,1.0
46.45,0.542,4,45.65,83.97,9,0,-18.28,Normal,synthetic,1.0
74.92,0.053,2,9.33,235.25,6,0,43.44,Addicted,synthetic,1.0
28.33,0.209,1,57.94,210.11,9,0,23.75,Normal,synthetic,1.0
82.9,0.429,6,20.9,357.32,11,4,5.86,Addicted,synthetic,1.0
10.0,0.571,6,212.32,30.0,8,4,-0.22,Normal,synthetic,1.0
90.27,0.246,2,5.0,198.77,4,4,61.67,Addicted,synthetic,1.0
39.64,0.212,2,9.17,361.75,4,2,92.53,Addicted,synthetic,1.0
10.0,0.725,6,39.93,244.48,8,1,3.58,Frustrated,synthetic,1.0
51.95,0.088,1,63.85,217.74,4,0,28.07,Addicted,synthetic,1.0
37.49,0.107,2,132.33,182.5,6,3,-32.43,Normal,synthetic,1.0
31.37,0.52,7,86.75,84.26,9,0,20.71,Frustrated,synthetic,1.0
10.0,0.51,7,42.6,253.77,13,4,4.84,Frustrated,synthetic,1.0
12.5,0.399,6,132.24,223.21,13,0,36.28,Frustrated,synthetic,1.0
72.82,0.166,4,135.49,247.38,13,0,73.81,Addicted,synthetic,1.0
29.69,0.27,2,145.27,228.83,3,4,-3.44,Normal,synthetic,1.0
22.88,0.244,2,219.11,155.85,11,3,31.6,Normal,synthetic,1.0
10.3,0.468,1,179.78,132.81,1,0,48.83,Normal,synthetic,1.0
45.75,0.539,9,16.3,146.63,13,1,15.83,Frustrated,synthetic,1.0
86.34,0.421,3,89.59,250.87,6,0,14.68,Addicted,synthetic,1.0
20.79,0.307,3,173.81,104.23,7,1,-12.14,Normal,synthetic,1.0
37.19,0.173,3,16.19,368.87,7,0,-20.0,Addicted,synthetic,1.0
27.06,0.179,5,5.0,30.0,10,2,-13.95,Frustrated,synthetic,1.0
31.26,0.573,1,99.72,116.99,1,0,10.89,Frustrated,synthetic,1.0
23.51,0.327,0,153.37,332.79,3,0,32.39,Addicted,synthetic,1.0
20.1,0.631,7,89.28,170.72,8,4,-3.77,Frustrated,synthetic,1.0
116.41,0.389,4,108.89,232.72,9,1,36.8,Addicted,synthetic,1.0
19.41,0.149,3,5.0,291.07,10,4,27.05,Addicted,synthetic,1.0
29.39,0.713,8,5.0,199.67,6,1,30.63,Frustrated,synthetic,1.0
35.43,0.186,3,130.3,106.56,8,3,4.53,Normal,synthetic,1.0
52.49,0.375,2,5.0,199.35,6,3,37.41,Addicted,synthetic,1.0
67.94,0.421,4,160.12,38.3,7,0,-15.16,Frustrated,synthetic,1.0
51.02,0.311,4,51.64,285.65,8,3,68.72,Addicted,synthetic,1.0
50.57,0.134,2,99.46,369.57,7,1,-20.0,Addicted,synthetic,1.0
49.88,0.049,0,47.5,324.56,5,4,51.24,Addicted,synthetic,1.0
49.94,0.562,4,47.5,328.61,6,2,46.46,Addicted,synthetic,1.0
67.54,0.416,6,104.45,132.71,11,0,37.68,Normal,synthetic,1.0
10.0,0.108,1,71.09,90.8,5,2,0.88,Normal,synthetic,1.0
35.56,0.584,2,188.05,109.81,4,2,-29.5,Normal,synthetic,1.0
78.09,0.323,5,154.99,130.91,14,3,63.36,Addicted,synthetic,1.0
16.87,0.355,4,165.77,94.99,11,2,19.37,Normal,synthetic,1.0
14.76,0.617,1,147.5,161.55,1,1,0.12,Frustrated,synthetic,1.0
53.62,0.79,7,25.04,169.18,8,0,5.77,Frustrated,synthetic,1.0
52.34,0.363,8,22.93,196.73,14,2,3.29,Frustrated,synthetic,1.0
72.25,0.178,0,58.11,290.97,1,2,59.17,Addicted,synthetic,1.0
77.58,0.433,0,157.02,75.77,2,3,13.66,Normal,synthetic,1.0
24.91,0.355,4,148.76,188.04,2,2,-2.11,Frustrated,synthetic,1.0
10.0,0.773,13,32.52,30.0,12,4,-40.0,Frustrated,synthetic,1.0
10.0,0.72,4,206.47,36.2,4,4,-4.23,Frustrated,synthetic,1.0
34.82,0.602,3,121.49,146.21,3,2,3.15,Frustrated,synthetic,1.0
32.71,0.76,6,199.6,30.0,4,0,-11.94,Frustrated,synthetic,1.0
33.49,0.717,6,241.09,143.29,8,1,22.87,Normal,synthetic,1.0
36.32,0.666,10,62.19,30.0,11,0,-24.96,Frustrated,synthetic,1.0
30.01,0.274,3,178.46,136.49,4,3,5.96,Normal,synthetic,1.0
76.42,0.401,6,53.61,133.51,10,2,-10.26,Addicted,synthetic,1.0
31.85,0.835,13,91.14,193.91,11,4,20.36,Frustrated,synthetic,1.0
27.95,0.631,9,10.0,48.63,14,3,-11.25,Normal,synthetic,1.0
10.32,0.803,6,56.47,143.68,4,4,-40.0,Frustrated,synthetic,1.0
24.78,0.322,3,49.47,117.94,9,4,18.44,Normal,synthetic,1.0
34.31,0.71,11,178.53,298.81,13,3,60.58,Frustrated,synthetic,1.0
64.49,0.405,5,133.01,86.32,14,2,35.3,Normal,synthetic,1.0
41.53,0.262,1,116.49,92.08,4,0,1.28,Normal,synthetic,1.0
36.94,0.437,2,173.94,226.2,3,3,-11.18,Normal,synthetic,1.0
31.82,0.199,2,31.51,395.22,12,4,-20.0,Addicted,synthetic,1.0
63.81,0.49,8,19.89,405.49,13,3,85.64,Addicted,synthetic,1.0
15.0,0.208,2,43.71,314.85,8,3,55.02,Addicted,synthetic,1.0
85.07,0.321,3,70.67,326.58,8,0,9.26,Addicted,synthetic,1.0
77.53,0.298,1,12.53,288.35,6,1,76.56,Addicted,synthetic,1.0
55.54,0.172,1,41.65,158.53,4,1,9.58,Normal,synthetic,1.0
10.69,0.437,6,136.99,201.3,12,1,-13.95,Frustrated,synthetic,1.0
49.55,0.638,4,5.0,126.54,5,4,15.39,Frustrated,synthetic,1.0
49.91,0.644,3,151.52,94.26,4,1,35.62,Normal,synthetic,1.0
35.19,0.593,10,47.03,228.97,14,1,-24.17,Frustrated,synthetic,1.0
35.87,0.156,2,164.06,181.98,7,2,-9.55,Normal,synthetic,1.0
39.56,0.442,5,5.0,60.0,9,3,51.25,Addicted,synthetic,1.0
10.0,0.537,8,120.96,30.0,11,2,60.37,Frustrated,synthetic,1.0
14.44,0.196,2,112.71,74.84,9,2,3.89,Frustrated,synthetic,1.0
10.0,0.69,5,48.08,154.33,7,0,2.75,Frustrated,synthetic,1.0
70.8,0.786,8,53.33,81.56,10,1,1.06,Frustrated,synthetic,1.0
26.95,0.35,1,40.53,227.64,4,2,16.61,Addicted,synthetic,1.0
38.38,0.612,2,181.71,150.99,2,1,-40.0,Frustrated,synthetic,1.0
88.3,0.057,2,94.31,284.27,3,0,44.02,Addicted,synthetic,1.0
67.99,0.146,0,49.85,197.9,3,1,56.98,Addicted,synthetic,1.0
32.45,0.546,10,104.07,114.35,14,4,60.58,Frustrated,synthetic,1.0
78.95,0.116,0,5.0,144.84,5,4,-10.21,Addicted,synthetic,1.0
32.66,0.429,3,271.04,126.27,7,1,18.92,Normal,synthetic,1.0
43.99,0.267,0,140.35,170.29,3,1,67.89,Addicted,synthetic,1.0
33.65,0.631,8,122.82,92.4,8,3,35.64,Frustrated,synthetic,1.0
27.49,0.657,12,129.75,134.7,14,4,-23.6,Frustrated,synthetic,1.0
42.23,0.571,10,79.49,63.78,14,4,13.08,Frustrated,synthetic,1.0
90.66,0.1,1,150.48,314.53,13,0,62.99,Addicted,synthetic,1.0
10.0,0.355,2,107.6,105.74,1,3,63.97,Frustrated,synthetic,1.0
55.73,0.246,3,50.52,126.32,7,3,-6.49,Frustrated,synthetic,1.0
61.55,0.457,5,17.07,233.11,9,1,76.85,Addicted,synthetic,1.0
34.47,0.245,1,143.49,138.45,5,0,-7.8,Normal,synthetic,1.0
53.88,0.339,4,153.29,169.23,12,1,19.7,Normal,synthetic,1.0
67.43,0.365,5,77.96,232.19,9,2,40.55,Addicted,synthetic,1.0
28.47,0.552,6,179.11,190.01,9,1,28.45,Normal,synthetic,1.0
47.29,0.337,3,119.85,255.85,4,4,11.48,Addicted,synthetic,1.0
18.59,0.408,5,41.07,185.76,11,4,7.61,Frustrated,synthetic,1.0
18.21,0.226,4,214.05,123.3,14,3,6.9,Normal,synthetic,1.0
10.0,0.793,6,152.73,33.24,7,0,-35.0,Normal,synthetic,1.0
69.36,0.75,9,63.2,231.66,10,2,62.75,Frustrated,synthetic,1.0
15.0,0.159,2,60.95,247.83,14,2,68.77,Addicted,synthetic,1.0
82.04,0.095,2,9.15,260.67,8,2,40.67,Addicted,synthetic,1.0
34.02,0.613,5,19.93,208.31,8,3,40.58,Addicted,synthetic,1.0
15.0,0.355,2,169.2,278.54,6,3,58.82,Addicted,synthetic,1.0
74.45,0.555,7,80.14,189.0,11,2,-20.0,Addicted,synthetic,1.0
33.0,0.605,9,38.01,193.99,13,0,37.13,Normal,synthetic,1.0
37.64,0.239,2,81.39,220.82,4,4,109.01,Addicted,synthetic,1.0
10.0,0.834,8,134.86,187.78,6,0,4.58,Frustrated,synthetic,1.0
38.32,0.1,4,34.52,31.41,1,4,-40.0,Frustrated,synthetic,1.0
39.82,0.732,6,5.0,156.48,3,0,-27.81,Frustrated,synthetic,1.0
29.12,0.475,8,17.0,30.0,14,2,10.48,Normal,synthetic,1.0
53.13,0.137,2,5.0,420.16,4,3,-14.66,Addicted,synthetic,1.0
57.07,0.66,7,73.89,58.28,9,4,-3.64,Frustrated,synthetic,1.0
12.43,0.708,6,95.68,200.48,7,2,16.55,Frustrated,synthetic,1.0
57.96,0.304,3,78.9,106.4,7,2,52.11,Normal,synthetic,1.0
53.17,0.361,4,206.54,71.63,2,0,-19.66,Frustrated,synthetic,1.0
23.76,0.497,4,74.14,162.28,3,3,46.87,Frustrated,synthetic,1.0
31.03,0.8,3,56.61,185.29,3,0,34.57,Frustrated,synthetic,1.0
48.35,0.696,4,129.49,282.41,1,0,5.2,Frustrated,synthetic,1.0
54.05,0.314,6,94.4,184.45,14,0,15.99,Addicted,synthetic,1.0
35.6,0.676,10,88.52,146.42,10,0,7.16,Frustrated,synthetic,1.0
26.28,0.217,4,120.35,102.06,10,4,32.56,Normal,synthetic,1.0
11.84,0.727,6,177.28,144.24,7,3,8.41,Frustrated,synthetic,1.0
45.45,0.633,7,67.93,151.26,8,4,14.52,Normal,synthetic,1.0
63.4,0.056,2,59.95,291.52,13,2,1.44,Addicted,synthetic,1.0
77.23,0.212,3,5.0,306.1,6,0,49.35,Addicted,synthetic,1.0
10.31,0.363,4,77.36,115.12,7,3,35.22,Normal,synthetic,1.0
28.08,0.172,1,93.4,119.89,3,2,-35.0,Normal,synthetic,1.0
53.73,0.68,7,207.85,167.44,11,2,-1.77,Normal,synthetic,1.0
11.04,0.248,5,66.56,98.21,13,0,-12.9,Normal,synthetic,1.0
18.86,0.513,6,106.24,66.96,12,2,25.54,Normal,synthetic,1.0
22.37,0.838,8,135.73,238.42,8,0,0.01,Normal,synthetic,1.0
48.05,0.371,7,139.92,125.32,14,3,65.65,Addicted,synthetic,1.0
48.81,0.791,11,152.45,132.76,12,4,36.48,Frustrated,synthetic,1.0
21.75,0.623,2,36.14,74.59,2,0,-11.97,Normal,synthetic,1.0
37.86,0.202,3,5.0,301.97,12,2,45.67,Addicted,synthetic,1.0
21.16,0.592,6,110.41,180.8,9,3,5.18,Normal,synthetic,1.0
42.53,0.341,3,167.13,132.46,10,2,-30.89,Normal,synthetic,1.0
10.0,0.552,2,65.5,30.0,1,4,-22.63,Frustrated,synthetic,1.0
32.84,0.518,6,144.85,138.92,8,1,-6.52,Frustrated,synthetic,1.0
18.63,0.396,3,50.45,312.67,10,2,37.71,Addicted,synthetic,1.0
111.89,0.059,0,60.92,203.27,13,1,82.04,Addicted,synthetic,1.0
31.48,0.623,6,39.88,36.17,6,4,45.81,Frustrated,synthetic,1.0
37.52,0.771,7,122.12,95.95,10,3,22.67,Normal,synthetic,1.0
26.51,0.35,4,185.2,183.59,10,3,-6.6,Normal,synthetic,1.0
34.53,0.625,4,77.28,218.38,2,0,48.94,Frustrated,synthetic,1.0
32.36,0.303,1,199.88,60.31,1,2,0.49,Normal,synthetic,1.0
31.62,0.351,5,8.05,152.04,14,4,-16.22,Addicted,synthetic,1.0
10.0,0.76,3,62.79,150.17,1,1,-3.94,Frustrated,synthetic,1.0
41.41,0.574,8,5.0,117.06,11,2,-2.14,Frustrated,synthetic,1.0
55.7,0.365,2,205.84,96.88,7,3,-1.0,Normal,synthetic,1.0
80.04,0.079,0,87.74,261.17,5,2,9.87,Addicted,synthetic,1.0
66.8,0.282,3,80.91,155.56,8,1,80.53,Addicted,synthetic,1.0
10.0,0.423,5,187.81,151.44,10,3,13.05,Frustrated,synthetic,1.0
36.49,0.113,0,214.96,177.19,4,3,0.61,Normal,synthetic,1.0
53.22,0.277,2,79.63,238.72,1,4,30.42,Addicted,synthetic,1.0
58.8,0.141,1,56.13,354.34,13,1,91.33,Addicted,synthetic,1.0
65.96,0.476,4,41.63,217.78,7,2,38.21,Addicted,synthetic,1.0
10.68,0.112,1,146.29,55.92,10,3,-16.94,Normal,synthetic,1.0
10.0,0.64,4,96.02,148.01,2,4,24.04,Frustrated,synthetic,1.0
77.2,0.294,5,114.28,206.07,12,1,54.69,Addicted,synthetic,1.0
60.4,0.098,1,81.99,163.47,1,2,67.96,Addicted,synthetic,1.0
48.2,0.507,9,5.0,145.17,11,0,-27.61,Frustrated,synthetic,1.0
50.09,0.278,4,69.32,371.19,11,4,-20.0,Addicted,synthetic,1.0
45.16,0.24,1,125.91,188.87,4,2,78.79,Addicted,synthetic,1.0
18.29,0.145,1,58.45,350.61,6,3,58.72,Addicted,synthetic,1.0
10.19,0.174,3,61.37,74.65,9,2,19.02,Normal,synthetic,1.0
49.93,0.311,6,40.32,167.05,13,4,29.16,Normal,synthetic,1.0
22.26,0.613,7,133.81,107.93,7,4,-3.37,Frustrated,synthetic,1.0
72.36,0.221,1,5.0,60.0,6,3,49.79,Addicted,synthetic,1.0
12.0,0.698,4,69.7,186.76,2,1,-4.31,Frustrated,synthetic,1.0
39.36,0.256,5,97.49,30.0,8,4,3.56,Frustrated,synthetic,1.0
21.51,0.018,2,171.57,287.61,1,4,-12.02,Addicted,synthetic,1.0
43.48,0.546,9,132.4,145.57,14,3,45.87,Normal,synthetic,1.0
82.39,0.438,4,19.88,222.24,7,2,-20.0,Addicted,synthetic,1.0
44.92,0.441,6,69.11,335.42,12,1,0.67,Frustrated,synthetic,1.0
67.81,0.446,5,121.1,309.64,10,1,51.18,Addicted,synthetic,1.0
10.0,0.706,11,51.3,56.66,11,2,-23.51,Frustrated,synthetic,1.0
75.37,0.578,6,10.0,167.35,9,2,-35.0,Normal,synthetic,1.0
29.06,0.33,4,88.49,76.28,9,0,15.67,Normal,synthetic,1.0
47.24,0.289,2,83.67,194.72,9,2,47.41,Addicted,synthetic,1.0
58.17,0.088,1,54.76,189.02,3,1,66.66,Addicted,synthetic,1.0
44.79,0.072,2,133.65,228.91,14,4,8.31,Normal,synthetic,1.0
19.05,0.66,11,227.18,117.55,14,4,17.18,Normal,synthetic,1.0
14.7,0.387,1,74.24,238.99,5,0,-10.49,Normal,synthetic,1.0
53.9,0.034,2,10.2,302.39,10,4,50.32,Addicted,synthetic,1.0
22.01,0.591,3,81.06,72.81,5,4,-9.33,Frustrated,synthetic,1.0
59.71,0.222,2,77.08,294.63,4,2,46.67,Addicted,synthetic,1.0
25.46,0.779,12,78.67,174.4,13,3,8.78,Frustrated,synthetic,1.0
44.64,0.745,4,64.65,98.0,4,1,30.75,Frustrated,synthetic,1.0
106.44,0.143,0,7.88,149.67,5,0,18.42,Addicted,synthetic,1.0
91.33,0.141,1,110.51,60.0,1,2,4.78,Addicted,synthetic,1.0
35.0,0.437,8,10.0,148.82,14,1,32.84,Normal,synthetic,1.0
68.24,0.726,13,145.44,177.64,13,2,36.24,Frustrated,synthetic,1.0
66.43,0.307,5,101.22,150.94,12,1,-20.0,Addicted,synthetic,1.0
60.3,0.57,6,155.24,147.64,10,3,17.45,Normal,synthetic,1.0
10.0,0.832,2,143.13,30.0,2,0,3.32,Frustrated,synthetic,1.0
37.91,0.545,8,56.52,176.37,12,2,13.9,Normal,synthetic,1.0
13.24,0.65,8,149.49,148.14,13,4,20.01,Normal,synthetic,1.0
15.0,0.116,1,5.0,197.99,5,4,76.71,Addicted,synthetic,1.0
32.61,0.505,6,142.12,131.81,10,1,-2.46,Normal,synthetic,1.0
51.77,0.511,5,74.58,118.04,8,1,24.01,Normal,synthetic,1.0
10.0,0.748,11,117.11,198.93,10,0,32.23,Frustrated,synthetic,1.0
44.3,0.516,5,111.48,42.94,6,1,15.7,Normal,synthetic,1.0
14.08,0.454,1,85.01,107.35,1,0,41.87,Frustrated,synthetic,1.0
39.03,0.358,2,130.62,328.51,4,1,47.82,Addicted,synthetic,1.0
37.6,0.299,3,87.36,159.36,12,3,42.48,Addicted,synthetic,1.0
10.0,0.464,10,174.02,192.47,14,4,36.6,Frustrated,synthetic,1.0
17.59,0.487,2,29.48,145.49,2,4,-20.65,Normal,synthetic,1.0
48.72,0.194,3,117.66,30.0,9,1,54.71,Normal,synthetic,1.0
109.71,0.214,0,118.93,134.16,1,4,119.82,Addicted,synthetic,1.0
81.75,0.29,1,5.0,334.41,2,0,21.7,Addicted,synthetic,1.0
10.0,0.171,0,158.64,64.46,1,1,10.67,Normal,synthetic,1.0
62.76,0.158,4,124.1,350.72,14,1,24.95,Addicted,synthetic,1.0
59.99,0.721,14,87.7,187.54,14,2,-2.1,Frustrated,synthetic,1.0
73.1,0.295,6,26.28,427.39,14,1,-14.61,Addicted,synthetic,1.0
64.63,0.313,4,136.68,58.7,9,1,-10.45,Normal,synthetic,1.0
46.25,0.117,1,134.87,134.35,12,4,19.64,Addicted,synthetic,1.0
91.77,0.133,1,130.85,259.79,3,1,62.08,Addicted,synthetic,1.0
41.5,0.734,9,165.71,193.33,7,0,-40.0,Frustrated,synthetic,1.0
77.18,0.131,1,112.13,184.5,4,2,69.53,Addicted,synthetic,1.0
20.85,0.287,3,209.02,121.71,13,3,8.97,Normal,synthetic,1.0
84.33,0.046,1,8.1,91.12,9,2,61.84,Addicted,synthetic,1.0
13.98,0.111,1,59.49,164.83,8,4,-18.42,Normal,synthetic,1.0
10.0,0.658,1,148.99,73.0,2,4,34.62,Normal,synthetic,1.0
68.27,0.173,3,46.81,60.0,7,3,55.19,Addicted,synthetic,1.0
68.11,0.258,2,5.0,296.8,1,3,27.47,Addicted,synthetic,1.0
51.94,0.336,2,75.18,294.68,4,0,53.25,Frustrated,synthetic,1.0
44.93,0.271,3,69.05,195.91,8,3,19.06,Normal,synthetic,1.0
67.09,0.248,3,119.85,87.02,9,1,14.96,Normal,synthetic,1.0
33.24,0.514,5,144.06,84.98,6,4,-25.11,Normal,synthetic,1.0
28.45,0.593,3,94.32,81.28,4,4,11.77,Frustrated,synthetic,1.0
66.2,0.23,1,152.96,138.58,1,1,51.86,Normal,synthetic,1.0
15.0,0.563,1,96.59,60.0,1,4,96.2,Addicted,synthetic,1.0
18.51,0.402,0,104.06,50.4,2,0,22.99,Normal,synthetic,1.0
38.01,0.762,2,213.48,76.0,1,2,-16.51,Normal,synthetic,1.0
10.27,0.434,8,56.76,174.88,12,0,-21.06,Frustrated,synthetic,1.0
10.0,0.541,3,187.52,37.15,2,1,35.14,Normal,synthetic,1.0
80.73,0.32,5,88.29,218.31,14,1,72.3,Addicted,synthetic,1.0
56.56,0.641,7,120.5,105.12,10,0,16.03,Frustrated,synthetic,1.0
93.36,0.378,3,74.03,139.92,9,2,130.0,Addicted,synthetic,1.0
24.62,0.604,2,86.02,45.35,2,2,19.92,Frustrated,synthetic,1.0
81.08,0.426,7,34.55,261.29,14,1,59.58,Addicted,synthetic,1.0
72.27,0.569,8,107.33,179.49,11,2,54.31,Frustrated,synthetic,1.0
31.65,0.129,1,124.8,316.36,5,2,-20.0,Addicted,synthetic,1.0
15.0,0.479,2,68.17,159.18,3,1,22.07,Addicted,synthetic,1.0
11.49,0.66,6,128.1,150.92,9,1,-21.58,Frustrated,synthetic,1.0
27.14,0.186,3,10.0,174.02,8,2,22.01,Normal,synthetic,1.0
69.89,0.117,1,43.38,313.93,2,2,66.35,Addicted,synthetic,1.0
51.04,0.342,3,163.84,134.52,5,0,-15.05,Normal,synthetic,1.0
42.96,0.468,5,36.06,184.33,12,2,28.67,Normal,synthetic,1.0
55.21,0.385,3,218.12,144.92,6,1,48.33,Normal,synthetic,1.0
16.41,0.548,9,90.19,77.47,14,0,21.81,Frustrated,synthetic,1.0
59.29,0.109,0,44.95,334.29,8,0,60.3,Addicted,synthetic,1.0
10.0,0.582,6,131.13,96.02,11,2,-35.0,Normal,synthetic,1.0
51.99,0.504,0,5.0,335.06,1,1,47.81,Addicted,synthetic,1.0
43.0,0.714,10,104.73,172.29,12,3,56.35,Frustrated,synthetic,1.0
40.23,0.634,10,180.51,112.05,13,0,54.16,Normal,synthetic,1.0
51.15,0.388,6,128.44,155.67,7,3,7.12,Frustrated,synthetic,1.0
13.13,0.517,8,147.61,97.21,13,3,-14.33,Normal,synthetic,1.0
10.0,0.589,7,105.14,155.78,10,2,13.02,Frustrated,synthetic,1.0
45.13,0.602,12,130.87,104.33,14,1,5.97,Frustrated,synthetic,1.0
60.42,0.264,7,181.47,80.23,13,4,13.05,Frustrated,synthetic,1.0
62.75,0.293,0,27.79,412.04,3,0,51.99,Addicted,synthetic,1.0
30.25,0.596,10,259.87,140.58,14,4,13.51,Normal,synthetic,1.0
22.52,0.653,9,207.64,96.73,13,1,-10.55,Normal,synthetic,1.0
89.28,0.324,2,80.21,125.09,8,2,40.05,Addicted,synthetic,1.0
10.0,0.706,9,89.18,108.96,12,4,57.21,Frustrated,synthetic,1.0
67.79,0.358,4,5.0,198.17,9,1,10.78,Addicted,synthetic,1.0
51.45,0.208,2,92.43,66.84,8,3,15.31,Normal,synthetic,1.0
86.79,0.452,5,10.0,154.57,11,0,13.62,Normal,synthetic,1.0
20.36,0.558,4,29.89,67.78,1,4,3.48,Frustrated,synthetic,1.0
56.94,0.422,1,212.05,65.81,3,0,25.53,Normal,synthetic,1.0
37.18,0.482,6,195.87,111.41,13,2,10.91,Normal,synthetic,1.0
10.1,0.346,3,48.26,38.29,2,0,3.23,Frustrated,synthetic,1.0
38.94,0.647,1,69.3,123.87,3,1,85.16,Addicted,synthetic,1.0
18.65,0.475,4,5.0,65.29,5,3,23.84,Frustrated,synthetic,1.0
23.03,0.793,13,86.98,118.77,12,3,34.7,Frustrated,synthetic,1.0
31.08,0.282,1,80.4,139.74,6,2,11.61,Addicted,synthetic,1.0
57.25,0.653,8,166.16,129.59,13,2,43.23,Normal,synthetic,1.0
26.14,0.232,5,37.57,267.47,13,1,98.23,Addicted,synthetic,1.0
108.34,0.255,3,106.31,291.1,10,0,54.49,Addicted,synthetic,1.0
47.68,0.762,7,115.69,56.52,6,3,2.73,Frustrated,synthetic,1.0
33.06,0.348,5,90.0,154.01,14,0,-14.75,Normal,synthetic,1.0
38.0,0.235,2,39.43,164.49,4,3,48.07,Addicted,synthetic,1.0
48.85,0.688,6,56.57,117.75,5,3,-25.96,Frustrated,synthetic,1.0
40.55,0.322,3,141.72,143.3,10,3,31.65,Normal,synthetic,1.0
18.55,0.447,1,49.68,46.99,2,1,-15.67,Frustrated,synthetic,1.0
51.6,0.544,3,92.48,213.09,4,3,19.57,Frustrated,synthetic,1.0
46.91,0.301,3,182.45,149.79,7,2,6.12,Normal,synthetic,1.0
61.27,0.174,1,185.17,78.38,4,2,-9.91,Normal,synthetic,1.0
10.0,0.373,6,114.95,103.7,14,4,-18.96,Frustrated,synthetic,1.0
10.0,0.764,8,50.05,149.92,9,3,2.06,Frustrated,synthetic,1.0
24.9,0.733,12,97.87,151.9,12,2,-5.76,Frustrated,synthetic,1.0
66.15,0.189,1,134.89,351.68,4,4,-20.0,Addicted,synthetic,1.0
59.29,0.309,1,5.74,207.64,1,3,45.97,Addicted,synthetic,1.0
18.03,0.724,12,50.76,30.0,14,3,18.15,Frustrated,synthetic,1.0
16.44,0.564,5,290.8,106.92,6,1,27.02,Normal,synthetic,1.0
85.22,0.099,3,163.41,277.08,13,2,-4.71,Addicted,synthetic,1.0
30.94,0.745,9,184.35,154.19,12,2,22.38,Frustrated,synthetic,1.0
54.29,0.539,6,211.4,124.15,8,0,-27.22,Frustrated,synthetic,1.0
50.62,0.03,2,21.99,127.9,14,3,80.78,Addicted,synthetic,1.0
15.0,0.114,3,37.72,335.89,14,2,42.88,Addicted,synthetic,1.0
10.0,0.451,1,173.61,132.99,1,2,16.32,Normal,synthetic,1.0
42.24,0.572,3,104.11,155.83,2,0,14.51,Normal,synthetic,1.0
10.0,0.127,3,260.92,30.0,10,2,-3.05,Normal,synthetic,1.0
45.1,0.456,8,5.0,114.63,12,2,4.09,Frustrated,synthetic,1.0
92.5,0.059,1,116.22,236.09,9,4,31.97,Addicted,synthetic,1.0
53.11,0.386,5,109.89,159.15,12,0,8.75,Normal,synthetic,1.0
17.94,0.108,2,113.44,360.54,5,2,-20.0,Addicted,synthetic,1.0
12.09,0.853,4,72.43,120.89,3,0,-11.36,Frustrated,synthetic,1.0
45.17,0.363,1,196.88,79.34,4,4,-35.0,Normal,synthetic,1.0
49.54,0.525,4,206.78,132.09,6,0,22.01,Addicted,synthetic,1.0
66.07,0.424,3,206.62,86.63,3,1,32.99,Normal,synthetic,1.0
17.24,0.133,1,236.93,105.84,3,1,-14.67,Normal,synthetic,1.0
70.25,0.649,3,59.34,103.05,5,3,69.7,Normal,synthetic,1.0
13.11,0.56,3,117.94,91.48,4,1,61.22,Normal,synthetic,1.0
38.6,0.335,1,143.24,213.79,3,2,28.77,Normal,synthetic,1.0
15.16,0.473,3,244.52,114.05,6,2,23.76,Normal,synthetic,1.0
54.23,0.497,1,37.56,241.85,4,4,51.68,Addicted,synthetic,1.0
15.66,0.811,14,188.79,30.0,14,0,-33.2,Frustrated,synthetic,1.0
32.31,0.308,4,182.59,113.96,14,3,41.35,Normal,synthetic,1.0
59.23,0.808,13,57.83,116.97,12,1,-40.0,Frustrated,synthetic,1.0
95.0,0.312,1,170.99,107.36,3,1,67.68,Normal,synthetic,1.0
10.0,0.649,6,82.4,87.03,6,2,25.58,Frustrated,synthetic,1.0
73.34,0.186,1,26.79,60.0,1,2,20.39,Addicted,synthetic,1.0
51.65,0.166,2,147.59,117.9,8,4,57.16,Normal,synthetic,1.0
76.34,0.678,6,79.79,272.35,9,0,23.24,Addicted,synthetic,1.0
38.76,0.322,0,97.91,385.17,3,0,12.35,Addicted,synthetic,1.0
60.52,0.547,8,90.12,223.54,13,3,14.52,Addicted,synthetic,1.0
71.38,0.573,6,123.1,158.35,10,2,48.85,Frustrated,synthetic,1.0
51.99,0.541,5,37.73,162.35,2,3,-3.68,Frustrated,synthetic,1.0
84.38,0.174,3,127.89,165.71,7,1,34.85,Addicted,synthetic,1.0
59.33,0.314,1,141.67,334.56,1,1,47.04,Addicted,synthetic,1.0
10.0,0.808,5,102.77,185.18,4,4,41.68,Frustrated,synthetic,1.0
73.77,0.535,5,42.0,272.77,6,1,45.23,Addicted,synthetic,1.0
45.83,0.673,5,123.28,135.36,7,1,38.25,Frustrated,synthetic,1.0
22.68,0.384,1,110.76,65.96,2,0,42.15,Normal,synthetic,1.0
67.77,0.266,4,59.77,317.19,12,2,91.64,Addicted,synthetic,1.0
41.07,0.104,1,45.41,60.0,14,1,31.68,Addicted,synthetic,1.0
43.62,0.308,6,132.25,150.91,13,1,-7.02,Normal,synthetic,1.0
64.52,0.516,1,129.9,98.5,2,2,-7.1,Normal,synthetic,1.0
31.26,0.214,2,127.46,215.54,7,1,5.56,Addicted,synthetic,1.0
64.3,0.569,8,181.14,129.92,14,4,17.23,Normal,synthetic,1.0
24.84,0.402,5,60.34,104.58,12,1,37.09,Addicted,synthetic,1.0
31.34,0.515,8,72.32,50.32,12,3,-21.66,Normal,synthetic,1.0
50.71,0.533,7,146.9,153.45,12,1,6.25,Normal,synthetic,1.0
64.45,0.263,3,92.3,395.02,12,4,-0.37,Addicted,synthetic,1.0
62.27,0.292,4,76.12,255.16,11,4,31.55,Addicted,synthetic,1.0
10.0,0.627,3,158.44,240.08,6,2,-14.37,Normal,synthetic,1.0
96.74,0.418,4,167.07,265.64,6,2,-20.0,Addicted,synthetic,1.0
28.42,0.545,7,75.84,30.0,8,0,44.17,Frustrated,synthetic,1.0
21.38,0.499,6,158.71,173.42,13,1,10.45,Normal,synthetic,1.0
42.57,0.191,1,105.59,223.49,9,3,82.89,Addicted,synthetic,1.0
35.24,0.565,10,69.89,151.88,14,0,21.09,Frustrated,synthetic,1.0
19.5,0.194,4,135.94,38.2,1,2,-17.77,Frustrated,synthetic,1.0
33.07,0.448,6,171.77,135.68,11,2,-0.71,Normal,synthetic,1.0
26.84,0.85,5,129.78,138.36,5,3,38.12,Normal,synthetic,1.0
28.63,0.522,6,5.0,108.84,7,4,2.1,Frustrated,synthetic,1.0
47.92,0.364,2,10.0,128.49,7,4,-13.49,Normal,synthetic,1.0
45.04,0.574,7,97.5,162.62,10,2,15.19,Frustrated,synthetic,1.0
44.95,0.767,3,97.5,121.66,4,4,10.82,Normal,synthetic,1.0
47.29,0.792,14,48.17,30.0,14,0,23.4,Frustrated,synthetic,1.0
47.4,0.688,9,101.42,193.13,12,0,-23.74,Frustrated,synthetic,1.0
53.07,0.558,10,132.7,170.75,12,3,-18.14,Frustrated,synthetic,1.0
17.83,0.422,6,165.62,89.01,8,4,9.83,Frustrated,synthetic,1.0
29.73,0.359,2,138.24,53.52,8,4,23.95,Normal,synthetic,1.0
28.97,0.739,7,91.11,82.13,6,1,17.6,Frustrated,synthetic,1.0
48.33,0.236,0,39.51,305.17,1,3,-6.76,Addicted,synthetic,1.0
10.0,0.418,7,123.8,212.78,12,4,23.41,Frustrated,synthetic,1.0
14.83,0.286,2,80.97,221.83,4,4,46.51,Normal,synthetic,1.0
60.88,0.326,1,61.56,69.4,3,2,-20.27,Normal,synthetic,1.0
10.0,0.701,4,147.64,114.34,2,4,-13.23,Frustrated,synthetic,1.0
31.65,0.656,11,40.84,70.8,11,1,-10.6,Frustrated,synthetic,1.0
31.86,0.643,6,77.95,212.81,9,0,-17.09,Normal,synthetic,1.0
18.62,0.74,4,69.53,77.21,2,4,47.02,Frustrated,synthetic,1.0
44.49,0.253,2,47.35,268.41,3,4,40.83,Addicted,synthetic,1.0
25.81,0.294,3,83.79,361.78,7,2,21.52,Addicted,synthetic,1.0
51.68,0.876,11,93.31,158.4,12,2,9.84,Frustrated,synthetic,1.0
10.0,0.635,7,55.75,41.48,10,2,4.73,Normal,synthetic,1.0
42.67,0.454,6,162.3,156.07,7,3,7.59,Frustrated,synthetic,1.0
55.97,0.234,3,91.17,265.37,9,3,-8.1,Addicted,synthetic,1.0
81.73,0.135,0,120.93,121.3,4,2,62.33,Addicted,synthetic,1.0
23.89,0.257,4,103.67,203.94,8,1,34.5,Frustrated,synthetic,1.0
32.72,0.141,0,77.37,56.83,7,3,28.02,Normal,synthetic,1.0
14.5,0.181,1,294.26,145.67,6,1,40.86,Normal,synthetic,1.0
49.08,0.242,6,133.68,55.03,12,3,-22.68,Frustrated,synthetic,1.0
25.19,0.596,6,108.9,134.46,9,0,17.93,Frustrated,synthetic,1.0
15.0,0.259,3,85.28,167.75,11,0,-15.19,Addicted,synthetic,1.0
56.6,0.563,5,71.91,30.0,7,4,5.53,Frustrated,synthetic,1.0
27.8,0.171,1,209.73,203.79,6,2,20.3,Normal,synthetic,1.0
32.01,0.613,7,130.98,93.61,12,1,-35.0,Normal,synthetic,1.0
37.26,0.282,3,154.37,291.72,11,4,44.97,Addicted,synthetic,1.0
10.0,0.385,5,26.58,30.0,9,0,-2.14,Normal,synthetic,1.0
15.41,0.422,3,209.21,87.16,3,3,42.05,Normal,synthetic,1.0
25.2,0.421,5,131.83,157.65,8,4,28.66,Normal,synthetic,1.0
38.55,0.65,9,5.0,344.37,13,2,105.03,Addicted,synthetic,1.0
59.67,0.164,2,19.12,278.15,11,4,68.68,Addicted,synthetic,1.0
18.69,0.19,2,13.12,303.02,6,1,-20.0,Addicted,synthetic,1.0
51.89,0.814,9,88.97,179.65,12,4,35.76,Normal,synthetic,1.0
19.35,0.362,0,96.24,98.93,1,3,45.55,Normal,synthetic,1.0
71.5,0.262,5,37.26,421.2,12,4,16.28,Addicted,synthetic,1.0
21.65,0.221,4,125.74,135.25,12,2,1.43,Normal,synthetic,1.0
23.81,0.426,3,5.0,276.97,1,1,12.51,Frustrated,synthetic,1.0
43.0,0.582,10,78.82,54.9,14,1,64.95,Normal,synthetic,1.0
30.69,0.251,1,43.48,200.3,3,2,59.27,Frustrated,synthetic,1.0
14.69,0.561,4,36.01,158.16,6,2,-20.66,Frustrated,synthetic,1.0
25.85,0.878,13,48.62,310.62,14,4,2.72,Frustrated,synthetic,1.0
98.03,0.167,3,123.55,373.09,8,4,33.15,Addicted,synthetic,1.0
19.92,0.509,3,63.83,74.54,4,2,-11.54,Normal,synthetic,1.0
42.57,0.594,3,259.99,158.37,4,3,16.95,Normal,synthetic,1.0
26.73,0.685,2,50.04,207.07,1,0,36.54,Frustrated,synthetic,1.0
45.8,0.247,2,92.76,88.39,11,2,25.93,Normal,synthetic,1.0
10.0,0.491,7,175.62,184.7,13,0,-40.0,Frustrated,synthetic,1.0
67.62,0.416,7,90.6,133.86,10,3,24.67,Frustrated,synthetic,1.0
33.49,0.781,8,55.24,151.54,8,1,63.26,Frustrated,synthetic,1.0
38.55,0.451,3,107.25,79.57,7,1,29.99,Normal,synthetic,1.0
84.38,0.296,2,25.21,328.06,6,3,58.05,Addicted,synthetic,1.0
37.53,0.376,8,42.78,30.0,11,0,28.37,Frustrated,synthetic,1.0
53.23,0.807,7,73.93,215.36,6,1,-20.08,Frustrated,synthetic,1.0
76.69,0.16,4,113.26,211.64,13,4,70.53,Addicted,synthetic,1.0
66.47,0.166,3,122.71,291.24,14,0,76.8,Addicted,synthetic,1.0
74.75,0.557,2,56.25,246.15,4,1,128.91,Addicted,synthetic,1.0
55.88,0.394,3,154.26,106.06,10,4,32.18,Normal,synthetic,1.0
20.14,0.841,1,86.08,118.91,1,4,14.02,Normal,synthetic,1.0
21.81,0.114,1,49.68,195.71,9,3,101.91,Addicted,synthetic,1.0
75.69,0.296,2,75.13,168.1,5,2,46.59,Normal,synthetic,1.0
80.84,0.238,6,117.57,113.75,13,0,-35.29,Frustrated,synthetic,1.0
34.98,0.729,6,49.06,111.81,5,2,24.17,Frustrated,synthetic,1.0
38.75,0.648,11,73.96,98.3,11,1,-14.63,Frustrated,synthetic,1.0
80.33,0.301,2,38.07,242.81,4,1,69.27,Addicted,synthetic,1.0
35.29,0.778,10,125.2,91.59,8,2,-8.07,Frustrated,synthetic,1.0
63.06,0.48,1,152.61,185.98,4,0,21.96,Addicted,synthetic,1.0
30.03,0.628,5,55.58,44.5,3,0,-40.0,Frustrated,synthetic,1.0
73.84,0.419,2,75.43,167.86,7,0,56.65,Addicted,synthetic,1.0
42.85,0.06,2,108.44,131.57,12,1,-13.92,Normal,synthetic,1.0
45.23,0.192,2,15.17,297.21,14,2,62.93,Addicted,synthetic,1.0
43.95,0.267,2,26.3,235.97,4,2,13.73,Addicted,synthetic,1.0
26.46,0.546,9,35.33,240.65,13,0,10.91,Frustrated,synthetic,1.0
30.15,0.691,7,160.47,100.26,7,4,48.77,Frustrated,synthetic,1.0
31.71,0.121,0,40.32,235.07,6,2,-20.0,Addicted,synthetic,1.0
72.27,0.399,7,100.78,220.79,14,4,28.55,Addicted,synthetic,1.0
34.96,0.438,5,219.02,64.27,8,2,-14.32,Frustrated,synthetic,1.0
41.43,0.159,1,177.77,143.03,2,4,18.16,Normal,synthetic,1.0
130.0,0.148,2,9.02,275.4,11,3,36.35,Addicted,synthetic,1.0
25.92,0.602,7,34.51,214.2,10,0,62.33,Addicted,synthetic,1.0
23.23,0.294,1,136.96,189.34,3,3,54.63,Normal,synthetic,1.0
66.3,0.205,6,59.55,36.75,14,0,37.35,Frustrated,synthetic,1.0
79.48,0.354,1,59.4,366.99,3,4,29.83,Addicted,synthetic,1.0
34.44,0.338,4,54.05,68.63,8,2,30.73,Normal,synthetic,1.0
21.98,0.275,2,202.82,170.72,2,2,32.63,Frustrated,synthetic,1.0
41.02,0.264,2,79.93,178.64,11,4,-1.83,Normal,synthetic,1.0
10.0,0.397,3,90.92,34.63,6,2,-3.33,Frustrated,synthetic,1.0
42.32,0.536,11,57.51,97.6,14,2,1.15,Frustrated,synthetic,1.0
23.06,0.281,1,138.2,99.07,7,1,43.43,Normal,synthetic,1.0
50.41,0.492,0,134.54,39.47,1,3,-11.75,Normal,synthetic,1.0
55.34,0.373,7,51.55,301.82,14,4,-10.52,Addicted,synthetic,1.0
89.54,0.362,1,100.08,259.31,1,1,42.53,Addicted,synthetic,1.0
82.96,0.316,5,11.35,79.56,14,0,5.41,Addicted,synthetic,1.0
31.29,0.404,2,116.55,30.0,1,2,-35.0,Normal,synthetic,1.0
86.8,0.183,1,66.95,180.99,4,4,-5.56,Addicted,synthetic,1.0
10.0,0.787,7,15.3,73.02,4,2,-10.99,Frustrated,synthetic,1.0
29.86,0.34,0,107.11,215.3,1,0,33.66,Addicted,synthetic,1.0
107.08,0.235,1,73.95,107.15,1,4,81.9,Addicted,synthetic,1.0
14.84,0.192,1,47.45,194.15,7,4,40.23,Normal,synthetic,1.0
25.45,0.64,1,193.7,156.32,3,0,-14.38,Normal,synthetic,1.0
42.25,0.545,4,149.64,151.4,5,0,-27.5,Frustrated,synthetic,1.0
62.99,0.357,1,95.07,406.73,2,4,32.43,Addicted,synthetic,1.0
25.03,0.439,3,17.16,118.74,4,4,12.0,Normal,synthetic,1.0
43.53,0.774,9,110.49,30.0,8,2,-22.89,Frustrated,synthetic,1.0
21.54,0.529,2,5.0,90.96,1,2,15.81,Frustrated,synthetic,1.0
56.34,0.144,2,59.37,133.72,10,0,-8.4,Addicted,synthetic,1.0
30.88,0.656,2,131.19,149.23,4,1,74.68,Normal,synthetic,1.0
89.23,0.107,0,33.88,258.51,2,0,70.57,Addicted,synthetic,1.0
10.33,0.557,5,74.81,140.35,9,3,16.31,Normal,synthetic,1.0
44.24,0.234,2,79.29,60.0,5,4,70.25,Addicted,synthetic,1.0
32.74,0.304,3,125.68,30.0,5,2,10.11,Normal,synthetic,1.0
15.51,0.438,2,241.88,205.17,2,0,29.07,Normal,synthetic,1.0
14.24,0.645,5,5.0,170.14,6,2,-16.9,Frustrated,synthetic,1.0
86.82,0.438,3,6.46,214.24,5,4,51.39,Addicted,synthetic,1.0
10.0,0.814,13,44.69,236.0,12,2,26.96,Frustrated,synthetic,1.0
22.65,0.302,2,234.03,128.97,8,1,14.67,Normal,synthetic,1.0
31.9,0.471,2,274.05,158.96,1,3,61.85,Frustrated,synthetic,1.0
56.46,0.363,5,85.95,451.78,11,1,-20.0,Addicted,synthetic,1.0
45.95,0.383,5,248.13,106.44,12,4,4.24,Normal,synthetic,1.0
45.41,0.307,1,46.01,132.42,2,0,37.29,Addicted,synthetic,1.0
57.19,0.774,11,54.53,54.77,11,0,-33.03,Frustrated,synthetic,1.0
61.74,0.272,3,142.05,198.87,6,2,76.47,Addicted,synthetic,1.0
57.56,0.722,9,17.61,78.12,7,3,57.96,Frustrated,synthetic,1.0
42.81,0.117,1,204.91,206.74,11,3,23.33,Normal,synthetic,1.0
36.15,0.06,2,35.78,143.77,14,3,6.62,Addicted,synthetic,1.0
43.43,0.64,11,115.6,93.57,12,1,-6.39,Frustrated,synthetic,1.0
28.46,0.41,5,18.88,121.59,10,0,54.95,Frustrated,synthetic,1.0
25.34,0.567,7,5.0,256.11,10,1,-7.02,Frustrated,synthetic,1.0
33.07,0.818,5,46.86,30.0,6,4,-6.96,Frustrated,synthetic,1.0
72.83,0.274,3,33.66,306.49,7,0,30.92,Addicted,synthetic,1.0
47.35,0.374,6,141.29,350.64,11,1,6.99,Addicted,synthetic,1.0
10.0,0.551,7,113.91,117.94,12,1,2.04,Normal,synthetic,1.0
57.81,0.454,0,5.0,292.94,1,1,45.35,Addicted,synthetic,1.0
56.33,0.466,4,75.7,165.44,5,3,27.24,Addicted,synthetic,1.0
68.8,0.443,4,134.4,119.96,7,4,79.96,Normal,synthetic,1.0
15.0,0.458,5,108.79,156.63,9,0,56.58,Addicted,synthetic,1.0
41.82,0.186,2,62.3,254.71,13,2,65.39,Addicted,synthetic,1.0
15.0,0.079,1,50.63,153.71,3,3,-1.8,Addicted,synthetic,1.0
31.4,0.433,4,213.96,215.64,11,2,-16.06,Normal,synthetic,1.0
10.41,0.795,10,75.77,150.08,9,3,4.2,Frustrated,synthetic,1.0
62.21,0.745,10,152.36,115.6,12,1,-1.94,Frustrated,synthetic,1.0
42.28,0.254,3,122.07,136.63,6,1,4.11,Normal,synthetic,1.0
82.88,0.113,3,33.09,261.15,10,2,19.26,Addicted,synthetic,1.0
31.32,0.488,9,129.77,127.36,12,3,-24.36,Frustrated,synthetic,1.0
68.38,0.297,4,67.76,183.64,14,1,6.84,Addicted,synthetic,1.0
64.91,0.281,5,8.18,140.27,13,4,99.66,Addicted,synthetic,1.0
27.79,0.164,2,39.38,322.71,11,1,59.56,Addicted,synthetic,1.0
52.85,0.511,4,188.59,82.73,8,2,32.31,Normal,synthetic,1.0
31.35,0.36,3,209.03,264.46,10,2,11.57,Normal,synthetic,1.0
75.53,0.194,1,26.68,246.63,8,3,85.1,Addicted,synthetic,1.0
24.19,0.738,6,110.89,187.1,7,3,23.32,Frustrated,synthetic,1.0
15.0,0.039,2,31.21,433.12,11,4,31.77,Addicted,synthetic,1.0
27.23,0.883,15,80.23,136.57,13,3,-17.69,Frustrated,synthetic,1.0
100.71,0.278,4,71.69,148.67,13,3,19.64,Addicted,synthetic,1.0
64.21,0.7,7,53.77,302.58,10,0,53.26,Addicted,synthetic,1.0
93.67,0.28,2,78.07,246.61,3,0,23.4,Addicted,synthetic,1.0
10.0,0.714,2,48.66,179.26,1,2,57.18,Frustrated,synthetic,1.0
55.97,0.474,6,80.07,220.77,11,4,18.88,Normal,synthetic,1.0
21.11,0.643,5,196.76,232.85,5,4,-40.0,Frustrated,synthetic,1.0
24.58,0.616,1,94.35,155.29,2,0,-8.76,Normal,synthetic,1.0
65.51,0.333,4,140.15,274.58,10,4,61.63,Addicted,synthetic,1.0
29.9,0.638,6,150.04,67.04,7,3,35.3,Frustrated,synthetic,1.0
43.95,0.704,6,169.1,205.03,9,0,-35.0,Normal,synthetic,1.0
49.23,0.244,3,179.11,149.71,5,4,12.32,Normal,synthetic,1.0
40.52,0.382,4,94.16,198.81,9,2,47.11,Addicted,synthetic,1.0
75.9,0.65,8,83.82,113.44,9,4,6.32,Frustrated,synthetic,1.0
47.45,0.575,7,52.82,152.89,9,0,-15.44,Normal,synthetic,1.0
10.0,0.581,2,152.11,127.89,4,2,18.7,Normal,synthetic,1.0
36.12,0.639,8,34.96,147.62,10,1,4.5,Frustrated,synthetic,1.0
20.73,0.318,6,108.98,69.39,14,3,51.39,Normal,synthetic,1.0
25.09,0.29,2,142.31,215.76,3,4,7.35,Frustrated,synthetic,1.0
65.85,0.442,5,113.32,188.31,11,4,9.86,Normal,synthetic,1.0
26.46,0.572,8,152.16,150.75,13,4,17.78,Normal,synthetic,1.0
57.5,0.408,2,180.48,44.79,3,3,48.59,Normal,synthetic,1.0
21.57,0.06,0,127.83,119.12,4,0,-35.0,Normal,synthetic,1.0
54.5,0.824,3,46.51,93.24,2,0,5.79,Frustrated,synthetic,1.0
65.24,0.238,4,153.55,189.17,12,2,-8.22,Addicted,synthetic,1.0
29.1,0.637,9,160.03,297.51,9,1,-23.87,Frustrated,synthetic,1.0
39.45,0.665,8,98.71,106.77,8,1,2.76,Frustrated,synthetic,1.0
62.25,0.287,1,87.86,179.66,2,3,26.32,Addicted,synthetic,1.0
51.76,0.65,5,107.52,195.39,2,4,29.69,Frustrated,synthetic,1.0
77.73,0.068,2,104.54,294.55,9,0,-9.91,Addicted,synthetic,1.0
10.0,0.171,2,181.92,173.56,13,2,-7.9,Normal,synthetic,1.0
25.21,0.571,6,157.97,288.49,10,4,3.3,Frustrated,synthetic,1.0
50.31,0.674,6,100.43,111.04,7,3,5.12,Normal,synthetic,1.0
38.62,0.357,3,30.23,149.22,8,0,-17.57,Normal,synthetic,1.0
42.92,0.526,7,207.96,205.89,11,3,20.1,Frustrated,synthetic,1.0
16.23,0.441,6,161.25,122.15,13,4,30.08,Frustrated,synthetic,1.0
16.61,0.759,10,90.35,174.32,12,2,5.31,Frustrated,synthetic,1.0
93.12,0.354,5,5.0,264.23,12,0,9.2,Addicted,synthetic,1.0
67.82,0.671,4,9.14,225.85,7,3,68.16,Addicted,synthetic,1.0
10.0,0.708,2,157.27,109.19,3,4,12.79,Normal,synthetic,1.0
21.54,0.216,1,92.68,174.04,3,3,35.87,Normal,synthetic,1.0
15.47,0.218,3,5.0,260.4,5,2,-20.0,Addicted,synthetic,1.0
40.67,0.608,5,87.74,74.75,2,4,12.52,Frustrated,synthetic,1.0
10.0,0.817,5,129.78,143.04,3,0,-2.81,Frustrated,synthetic,1.0
38.2,0.698,1,154.44,81.01,2,2,29.55,Normal,synthetic,1.0
10.0,0.69,10,76.47,137.94,13,2,44.28,Frustrated,synthetic,1.0
111.05,0.61,2,47.99,195.03,2,2,41.31,Addicted,synthetic,1.0
80.5,0.084,2,75.88,300.5,11,1,-20.0,Addicted,synthetic,1.0
47.02,0.497,6,76.57,172.36,9,3,32.72,Frustrated,synthetic,1.0
10.0,0.251,3,95.37,110.64,10,0,42.12,Normal,synthetic,1.0
56.94,0.671,3,73.38,117.78,1,0,-19.37,Frustrated,synthetic,1.0
42.19,0.638,10,125.87,30.0,14,1,20.38,Normal,synthetic,1.0
71.72,0.041,2,109.55,271.59,1,3,64.6,Addicted,synthetic,1.0
24.11,0.259,3,142.74,193.12,10,0,-6.23,Frustrated,synthetic,1.0
37.64,0.33,4,101.95,110.74,14,3,36.49,Normal,synthetic,1.0
29.42,0.284,1,184.0,109.06,2,4,-7.01,Normal,synthetic,1.0
35.75,0.378,1,106.92,291.84,1,2,-3.6,Frustrated,synthetic,1.0
54.18,0.419,3,5.0,274.83,5,1,3.37,Addicted,synthetic,1.0
22.65,0.67,10,55.99,179.97,10,4,5.36,Frustrated,synthetic,1.0
23.01,0.506,5,5.0,251.11,4,4,-25.14,Frustrated,synthetic,1.0
59.02,0.189,2,34.35,212.56,7,4,36.01,Addicted,synthetic,1.0
59.58,0.444,6,62.7,126.08,13,1,13.08,Frustrated,synthetic,1.0
74.89,0.712,2,229.14,222.75,2,2,0.41,Frustrated,synthetic,1.0
28.42,0.376,2,141.14,81.27,4,2,31.99,Frustrated,synthetic,1.0
83.16,0.582,8,44.13,152.54,7,3,32.45,Frustrated,synthetic,1.0
15.0,0.083,1,5.0,227.15,8,4,50.71,Addicted,synthetic,1.0
25.87,0.212,2,120.91,208.69,14,4,19.55,Normal,synthetic,1.0
17.53,0.305,5,24.64,171.3,5,2,-21.33,Frustrated,synthetic,1.0
18.15,0.65,3,134.61,114.18,1,4,26.42,Frustrated,synthetic,1.0
10.0,0.7,6,204.43,88.38,9,2,2.38,Normal,synthetic,1.0
37.13,0.477,4,97.35,48.79,5,0,8.26,Frustrated,synthetic,1.0
64.85,0.441,3,43.41,76.71,5,0,32.72,Normal,synthetic,1.0
69.76,0.54,3,112.68,277.96,2,0,68.1,Frustrated,synthetic,1.0
89.97,0.302,3,5.0,127.2,11,3,-20.0,Addicted,synthetic,1.0
54.53,0.176,1,42.04,125.14,2,2,81.57,Addicted,synthetic,1.0
60.71,0.189,3,215.63,37.68,13,4,37.45,Normal,synthetic,1.0
27.3,0.407,0,20.32,162.82,2,3,-20.0,Addicted,synthetic,1.0
36.35,0.362,3,200.98,241.97,3,4,18.99,Normal,synthetic,1.0
31.9,0.563,8,52.7,165.39,8,3,4.48,Frustrated,synthetic,1.0
34.73,0.835,8,5.0,152.69,6,2,13.08,Frustrated,synthetic,1.0
52.73,0.46,5,149.96,91.45,10,0,0.69,Frustrated,synthetic,1.0
30.72,0.562,6,5.0,183.16,5,2,-14.77,Frustrated,synthetic,1.0
47.47,0.476,5,155.06,242.56,8,2,-0.79,Frustrated,synthetic,1.0
21.85,0.276,2,101.51,50.24,8,1,-23.99,Normal,synthetic,1.0
61.74,0.169,1,107.96,282.63,6,4,74.42,Addicted,synthetic,1.0
10.0,0.38,7,159.3,131.0,10,4,45.95,Frustrated,synthetic,1.0
14.1,0.285,2,37.25,263.34,4,1,36.65,Frustrated,synthetic,1.0
39.44,0.833,7,6.33,153.89,7,1,37.28,Frustrated,synthetic,1.0
22.27,0.696,6,136.66,136.1,5,1,-34.62,Frustrated,synthetic,1.0
94.68,0.339,5,13.0,210.66,14,0,34.11,Addicted,synthetic,1.0
43.69,0.16,1,76.1,139.82,10,4,40.46,Normal,synthetic,1.0
49.38,0.28,4,151.79,133.3,8,1,47.0,Normal,synthetic,1.0
49.98,0.588,11,140.04,242.46,14,3,45.49,Frustrated,synthetic,1.0
51.96,0.288,5,14.09,147.65,11,1,33.76,Frustrated,synthetic,1.0
78.56,0.129,3,5.0,259.5,11,0,17.68,Addicted,synthetic,1.0
62.69,0.206,2,69.09,122.32,10,4,54.41,Addicted,synthetic,1.0
47.08,0.191,3,10.32,249.07,10,3,47.03,Addicted,synthetic,1.0
78.27,0.326,2,33.97,60.0,1,2,17.23,Addicted,synthetic,1.0
38.81,0.252,4,171.79,122.98,13,4,36.25,Normal,synthetic,1.0
87.12,0.222,2,101.66,378.25,3,4,-4.43,Addicted,synthetic,1.0
52.71,0.056,1,10.0,154.57,14,1,-23.66,Normal,synthetic,1.0
43.56,0.429,3,55.66,214.18,7,3,32.6,Normal,synthetic,1.0
82.7,0.272,2,38.46,233.29,4,0,102.83,Addicted,synthetic,1.0
68.77,0.46,2,113.46,386.88,1,4,-3.56,Addicted,synthetic,1.0
10.0,0.662,8,171.36,30.0,13,0,-5.53,Normal,synthetic,1.0
44.68,0.548,6,51.2,293.97,9,4,47.3,Addicted,synthetic,1.0
49.97,0.729,9,189.31,30.0,13,3,26.42,Normal,synthetic,1.0
27.28,0.685,7,94.13,186.52,10,2,21.53,Frustrated,synthetic,1.0
23.55,0.05,2,139.46,85.8,5,4,-8.7,Normal,synthetic,1.0
57.25,0.68,8,56.14,183.93,9,0,22.86,Frustrated,synthetic,1.0
23.41,0.213,0,185.38,98.37,4,1,16.35,Normal,synthetic,1.0
54.06,0.35,2,165.0,89.99,5,3,1.03,Normal,synthetic,1.0
42.44,0.172,1,25.44,156.4,4,3,34.84,Normal,synthetic,1.0
19.44,0.532,7,5.0,132.1,7,1,-7.89,Frustrated,synthetic,1.0
20.45,0.375,2,110.13,94.28,7,2,-20.51,Normal,synthetic,1.0
61.16,0.43,2,93.11,270.62,4,3,8.33,Addicted,synthetic,1.0
27.83,0.386,6,6.57,172.24,9,4,38.5,Frustrated,synthetic,1.0
37.94,0.079,1,98.62,227.36,14,3,4.15,Addicted,synthetic,1.0
38.73,0.408,4,185.68,101.7,7,4,10.72,Normal,synthetic,1.0
28.12,0.491,2,16.45,198.43,3,3,25.29,Frustrated,synthetic,1.0
15.0,0.156,1,60.97,168.91,7,4,113.93,Addicted,synthetic,1.0
62.52,0.167,0,150.55,358.09,5,2,44.22,Addicted,synthetic,1.0
29.36,0.108,1,54.18,30.0,1,1,-30.63,Normal,synthetic,1.0
11.9,0.556,5,23.92,161.77,8,1,-40.0,Frustrated,synthetic,1.0
27.54,0.85,9,127.5,90.19,9,4,-18.62,Normal,synthetic,1.0
10.57,0.742,7,189.84,188.4,8,4,34.15,Normal,synthetic,1.0
25.7,0.157,1,5.0,372.41,8,2,-16.47,Addicted,synthetic,1.0
85.24,0.178,2,73.23,205.52,13,4,52.48,Addicted,synthetic,1.0
33.27,0.61,1,40.22,344.16,1,2,-20.0,Addicted,synthetic,1.0
85.77,0.381,6,114.98,164.47,11,2,72.59,Addicted,synthetic,1.0
41.33,0.712,10,146.27,30.77,10,1,-40.0,Frustrated,synthetic,1.0
10.88,0.759,7,107.42,183.72,4,2,25.12,Frustrated,synthetic,1.0
10.0,0.419,4,245.93,147.8,5,2,32.14,Normal,synthetic,1.0
33.37,0.676,8,213.12,211.55,9,1,17.02,Frustrated,synthetic,1.0
24.16,0.157,1,5.0,337.54,4,2,-20.0,Addicted,synthetic,1.0
72.09,0.181,2,96.61,265.74,10,4,31.76,Addicted,synthetic,1.0
45.89,0.389,3,107.82,378.79,4,4,46.46,Addicted,synthetic,1.0
41.97,0.352,4,5.0,196.11,13,3,19.09,Addicted,synthetic,1.0
26.87,0.7,1,150.13,412.05,1,4,59.04,Addicted,synthetic,1.0
23.41,0.747,9,5.0,124.05,10,1,29.0,Frustrated,synthetic,1.0
56.0,0.701,5,5.0,145.85,2,0,13.47,Frustrated,synthetic,1.0
20.2,0.452,8,78.43,243.92,10,4,-19.17,Frustrated,synthetic,1.0
41.42,0.685,9,10.94,72.05,9,0,-18.12,Frustrated,synthetic,1.0
63.21,0.328,3,126.64,165.23,10,2,38.94,Normal,synthetic,1.0
46.32,0.518,6,124.68,139.36,13,0,34.17,Normal,synthetic,1.0
41.05,0.544,6,10.0,98.46,8,3,10.31,Normal,synthetic,1.0
52.87,0.762,8,131.32,156.54,9,3,7.44,Normal,synthetic,1.0
10.0,0.439,7,56.83,91.53,7,4,1.43,Frustrated,synthetic,1.0
15.95,0.562,6,178.16,78.97,9,2,-22.5,Normal,synthetic,1.0
31.32,0.305,3,68.52,254.45,5,1,29.07,Addicted,synthetic,1.0
62.83,0.442,2,125.56,212.49,5,4,26.41,Addicted,synthetic,1.0
31.53,0.548,9,170.48,183.75,13,1,2.79,Frustrated,synthetic,1.0
22.59,0.484,7,5.0,94.7,10,1,18.11,Frustrated,synthetic,1.0
61.52,0.353,5,98.03,79.13,4,1,8.57,Frustrated,synthetic,1.0
15.91,0.572,0,47.7,228.22,1,3,-28.14,Normal,synthetic,1.0
10.0,0.681,9,95.3,238.8,12,0,26.16,Frustrated,synthetic,1.0
45.94,0.271,3,124.23,180.7,12,3,29.23,Addicted,synthetic,1.0
26.94,0.105,1,26.71,82.96,13,3,13.23,Normal,synthetic,1.0
112.19,0.24,0,5.0,218.94,2,4,25.08,Addicted,synthetic,1.0
26.38,0.405,5,124.33,81.59,12,2,-17.31,Normal,synthetic,1.0
63.19,0.562,4,5.0,268.01,8,2,60.18,Addicted,synthetic,1.0
27.82,0.291,1,92.65,93.57,5,3,35.48,Normal,synthetic,1.0
21.1,0.081,2,183.6,131.14,8,1,-14.7,Normal,synthetic,1.0
17.86,0.526,5,92.17,142.05,11,2,51.84,Normal,synthetic,1.0
65.11,0.256,3,13.34,192.36,12,3,3.89,Addicted,synthetic,1.0
60.16,0.253,4,151.77,137.0,10,1,26.14,Normal,synthetic,1.0
57.55,0.688,3,99.04,138.24,4,1,-4.31,Frustrated,synthetic,1.0
13.6,0.496,7,150.68,107.59,12,2,2.81,Normal,synthetic,1.0
52.94,0.571,10,108.44,115.61,14,3,44.09,Frustrated,synthetic,1.0
10.0,0.828,15,42.15,101.57,14,4,-3.47,Frustrated,synthetic,1.0
35.91,0.262,2,11.01,170.67,6,1,70.74,Addicted,synthetic,1.0
10.0,0.48,6,247.58,156.06,14,3,-1.9,Normal,synthetic,1.0
15.0,0.11,0,59.21,151.32,8,3,80.9,Addicted,synthetic,1.0
28.52,0.199,3,80.39,30.0,7,3,12.37,Normal,synthetic,1.0
11.49,0.308,1,26.48,158.16,1,3,21.59,Normal,synthetic,1.0
67.13,0.347,5,115.42,242.79,12,1,-8.03,Addicted,synthetic,1.0
74.26,0.264,2,5.67,250.94,6,0,98.35,Addicted,synthetic,1.0
47.24,0.767,14,105.81,151.12,14,0,32.11,Frustrated,synthetic,1.0
74.37,0.494,2,34.48,300.25,2,4,74.35,Addicted,synthetic,1.0
65.67,0.581,3,89.57,280.17,3,3,30.52,Addicted,synthetic,1.0
77.57,0.555,3,56.66,278.91,6,0,21.52,Addicted,synthetic,1.0
31.26,0.263,2,80.97,48.9,6,0,1.72,Frustrated,synthetic,1.0
15.69,0.319,3,5.0,191.66,2,2,-3.33,Frustrated,synthetic,1.0
34.42,0.104,1,99.46,140.79,1,0,12.2,Addicted,synthetic,1.0
23.09,0.422,2,10.0,122.61,2,4,12.04,Normal,synthetic,1.0
71.21,0.718,9,138.46,124.98,10,0,50.89,Frustrated,synthetic,1.0
97.36,0.416,3,22.06,175.69,3,4,55.27,Addicted,synthetic,1.0
54.72,0.304,3,80.37,215.14,11,4,44.73,Addicted,synthetic,1.0
37.9,0.602,8,158.17,133.83,9,0,62.18,Frustrated,synthetic,1.0
38.88,0.848,0,164.32,100.92,1,4,-14.24,Normal,synthetic,1.0
62.5,0.465,3,55.54,164.76,5,2,70.3,Addicted,synthetic,1.0
15.0,0.152,1,44.17,116.98,4,3,72.7,Addicted,synthetic,1.0
41.95,0.533,6,83.45,75.46,8,1,-7.59,Normal,synthetic,1.0
10.0,0.766,9,91.2,182.94,10,0,0.91,Frustrated,synthetic,1.0
22.85,0.084,1,148.74,162.96,1,4,-6.53,Normal,synthetic,1.0
35.24,0.746,5,152.68,128.83,3,3,6.39,Frustrated,synthetic,1.0
10.0,0.684,6,69.44,150.4,3,3,30.95,Frustrated,synthetic,1.0
40.47,0.25,2,101.47,149.05,7,1,27.03,Addicted,synthetic,1.0
55.62,0.707,8,36.08,115.81,11,2,21.32,Frustrated,synthetic,1.0
10.55,0.708,3,84.28,193.65,2,4,23.98,Frustrated,synthetic,1.0
34.9,0.319,6,44.01,87.26,12,2,48.26,Frustrated,synthetic,1.0
54.68,0.106,0,93.03,63.96,3,4,-9.23,Normal,synthetic,1.0
51.05,0.27,2,142.68,113.87,6,0,4.66,Normal,synthetic,1.0
65.95,0.113,3,172.15,138.23,13,3,28.13,Normal,synthetic,1.0
26.64,0.444,4,174.4,95.47,10,4,-1.66,Normal,synthetic,1.0
37.17,0.609,9,95.68,143.7,12,2,-15.83,Normal,synthetic,1.0
44.57,0.432,3,166.57,30.0,6,4,-22.77,Normal,synthetic,1.0
37.5,0.222,4,187.69,95.41,10,2,34.65,Normal,synthetic,1.0
43.87,0.613,5,206.91,191.74,8,3,-6.48,Normal,synthetic,1.0
50.03,0.726,4,147.38,59.12,6,4,-1.91,Normal,synthetic,1.0
10.0,0.335,2,50.6,183.77,5,0,-11.85,Frustrated,synthetic,1.0
40.32,0.133,2,53.74,183.85,9,2,49.79,Normal,synthetic,1.0
34.03,0.75,3,36.2,138.11,2,3,-2.64,Normal,synthetic,1.0
24.36,0.502,6,151.29,160.21,12,4,2.83,Normal,synthetic,1.0
10.0,0.424,6,70.29,190.52,8,2,-21.7,Frustrated,synthetic,1.0
41.75,0.306,4,143.75,233.82,8,4,61.18,Normal,synthetic,1.0
76.59,0.149,1,82.56,292.77,1,2,14.65,Addicted,synthetic,1.0
10.0,0.643,3,94.11,149.83,3,1,14.72,Normal,synthetic,1.0
26.51,0.604,3,249.63,112.9,2,1,20.31,Normal,synthetic,1.0
55.73,0.708,11,107.0,137.82,14,2,-8.25,Normal,synthetic,1.0
35.53,0.178,3,85.87,349.9,13,2,55.47,Addicted,synthetic,1.0
67.72,0.434,1,78.46,166.89,2,1,-10.57,Frustrated,synthetic,1.0
36.59,0.445,4,144.53,151.92,3,1,51.0,Frustrated,synthetic,1.0
71.04,0.2,2,144.44,207.19,1,0,9.73,Addicted,synthetic,1.0
10.0,0.467,8,72.6,282.9,10,0,-36.11,Frustrated,synthetic,1.0
46.77,0.681,10,7.8,247.97,10,2,1.01,Frustrated,synthetic,1.0
74.36,0.164,4,118.19,30.0,13,1,-19.85,Normal,synthetic,1.0
68.24,0.127,1,23.45,138.29,8,2,25.43,Addicted,synthetic,1.0
60.41,0.077,1,80.11,120.04,2,3,-15.77,Normal,synthetic,1.0
10.0,0.579,5,87.32,151.07,4,3,63.46,Frustrated,synthetic,1.0
48.4,0.589,9,134.77,159.94,9,0,52.09,Frustrated,synthetic,1.0
51.15,0.37,1,42.76,140.91,5,1,61.86,Addicted,synthetic,1.0
43.38,0.722,11,161.77,192.9,10,1,65.2,Frustrated,synthetic,1.0
103.67,0.205,4,25.55,236.33,14,3,31.83,Addicted,synthetic,1.0
80.68,0.139,2,68.16,224.09,9,0,-19.15,Addicted,synthetic,1.0
60.59,0.495,5,179.32,193.18,7,2,0.02,Normal,synthetic,1.0
57.04,0.849,4,5.0,268.64,1,3,-40.0,Frustrated,synthetic,1.0
59.8,0.308,2,146.89,137.47,5,2,39.51,Frustrated,synthetic,1.0
12.24,0.17,2,38.03,192.5,9,4,-18.46,Normal,synthetic,1.0
11.16,0.421,8,35.93,98.39,14,3,-29.1,Frustrated,synthetic,1.0
15.71,0.656,3,64.11,173.17,3,2,47.83,Frustrated,synthetic,1.0
63.54,0.268,1,117.73,318.9,1,3,98.57,Addicted,synthetic,1.0
32.83,0.834,4,148.5,166.17,4,1,37.21,Frustrated,synthetic,1.0
10.0,0.383,6,248.19,231.71,12,2,25.03,Normal,synthetic,1.0
39.65,0.555,8,156.65,151.63,14,0,-1.85,Frustrated,synthetic,1.0
33.41,0.225,2,67.76,168.59,8,4,37.69,Frustrated,synthetic,1.0
41.4,0.167,3,148.1,174.68,13,0,48.47,Normal,synthetic,1.0
32.78,0.525,4,264.38,237.97,6,2,3.73,Normal,synthetic,1.0
53.47,0.259,3,113.18,108.42,6,0,78.82,Addicted,synthetic,1.0
41.95,0.71,11,95.23,194.34,12,3,-3.25,Frustrated,synthetic,1.0
12.08,0.672,1,65.91,88.34,2,1,7.35,Normal,synthetic,1.0
39.89,0.511,9,116.95,98.29,12,0,17.78,Frustrated,synthetic,1.0
15.0,0.167,2,5.0,270.42,3,3,84.69,Addicted,synthetic,1.0
59.91,0.768,4,95.23,59.93,4,4,48.35,Frustrated,synthetic,1.0
64.03,0.642,6,20.18,210.52,8,2,25.54,Addicted,synthetic,1.0
30.61,0.611,6,157.3,173.65,8,0,-32.82,Frustrated,synthetic,1.0
43.93,0.296,2,122.47,234.09,2,1,-10.45,Frustrated,synthetic,1.0
44.87,0.667,7,133.99,43.93,6,1,-27.89,Frustrated,synthetic,1.0
40.5,0.527,9,92.12,71.6,12,3,-40.0,Frustrated,synthetic,1.0
25.2,0.312,2,265.1,208.12,5,1,-10.93,Normal,synthetic,1.0
85.05,0.126,1,32.46,134.3,4,1,16.13,Addicted,synthetic,1.0
17.07,0.39,6,169.1,174.8,12,1,39.91,Normal,synthetic,1.0
55.95,0.493,7,36.8,169.49,13,0,19.13,Normal,synthetic,1.0
24.71,0.691,8,194.04,40.73,9,0,-16.05,Normal,synthetic,1.0
28.32,0.25,1,180.92,111.0,4,4,17.03,Normal,synthetic,1.0
23.52,0.424,1,74.02,78.87,2,1,32.0,Normal,synthetic,1.0
44.55,0.67,6,30.87,112.1,7,4,-22.99,Normal,synthetic,1.0
40.85,0.166,1,165.66,128.35,1,2,16.65,Normal,synthetic,1.0
58.43,0.142,0,108.99,327.96,3,2,37.42,Addicted,synthetic,1.0
60.77,0.533,5,194.0,30.0,6,2,-12.0,Frustrated,synthetic,1.0
36.28,0.369,1,113.71,143.44,3,0,-8.21,Normal,synthetic,1.0
31.22,0.758,10,119.37,263.92,8,1,10.66,Frustrated,synthetic,1.0
10.0,0.473,3,129.58,30.0,6,1,23.56,Frustrated,synthetic,1.0
81.25,0.096,3,52.33,161.67,14,0,-5.9,Addicted,synthetic,1.0
39.43,0.385,1,10.0,90.2,3,4,19.33,Normal,synthetic,1.0
11.68,0.523,5,75.85,30.0,3,4,-5.0,Frustrated,synthetic,1.0
35.32,0.344,6,54.35,117.66,13,0,41.82,Addicted,synthetic,1.0
60.73,0.121,2,5.0,129.07,9,2,64.43,Addicted,synthetic,1.0
10.0,0.575,9,104.92,172.0,9,1,42.04,Frustrated,synthetic,1.0
69.5,0.456,2,62.89,231.43,4,4,-8.91,Addicted,synthetic,1.0
44.42,0.702,7,104.06,93.41,5,2,19.59,Frustrated,synthetic,1.0
54.42,0.364,1,5.0,268.63,1,3,74.6,Addicted,synthetic,1.0
10.9,0.321,5,126.85,69.48,11,4,-35.0,Normal,synthetic,1.0
10.0,0.924,6,89.56,166.44,6,2,33.71,Frustrated,synthetic,1.0
73.65,0.751,12,78.31,116.42,14,2,60.27,Frustrated,synthetic,1.0
57.56,0.3,2,209.0,191.41,6,1,25.91,Normal,synthetic,1.0
102.67,0.312,5,83.68,240.82,12,2,70.58,Addicted,synthetic,1.0
39.61,0.429,1,31.6,145.9,1,3,1.21,Normal,synthetic,1.0
40.68,0.13,3,25.8,152.55,11,2,54.25,Addicted,synthetic,1.0
20.44,0.704,6,63.89,30.0,3,2,14.47,Frustrated,synthetic,1.0
66.49,0.85,8,255.17,99.41,9,3,-19.87,Normal,synthetic,1.0
45.87,0.632,10,5.0,201.83,11,4,-10.79,Frustrated,synthetic,1.0
17.65,0.519,6,25.6,216.14,11,1,-31.79,Frustrated,synthetic,1.0
38.07,0.475,6,163.65,176.81,9,1,-0.28,Frustrated,synthetic,1.0
10.0,0.199,3,74.84,119.86,9,3,1.06,Frustrated,synthetic,1.0
56.81,0.211,2,65.51,156.44,4,3,42.81,Addicted,synthetic,1.0
85.22,0.283,2,96.77,203.4,6,3,95.34,Addicted,synthetic,1.0
47.88,0.102,0,54.24,60.0,8,2,67.14,Addicted,synthetic,1.0
19.26,0.532,3,140.73,70.56,2,2,22.02,Normal,synthetic,1.0
95.87,0.181,0,93.54,284.24,5,4,28.36,Addicted,synthetic,1.0
10.0,0.844,14,110.98,45.97,14,3,-0.61,Frustrated,synthetic,1.0
32.83,0.216,3,187.63,147.87,5,0,-3.37,Normal,synthetic,1.0
52.43,0.844,6,268.12,122.3,5,2,39.0,Normal,synthetic,1.0
32.45,0.403,5,158.85,98.56,9,0,-22.1,Frustrated,synthetic,1.0
78.51,0.222,1,94.95,164.14,6,4,76.46,Addicted,synthetic,1.0
73.92,0.045,1,5.0,186.47,11,1,32.64,Addicted,synthetic,1.0
48.82,0.184,4,79.06,201.38,13,0,23.54,Addicted,synthetic,1.0
65.37,0.874,10,11.99,202.21,11,1,61.32,Frustrated,synthetic,1.0
12.68,0.833,9,97.78,89.33,10,4,-10.99,Normal,synthetic,1.0
54.04,0.441,3,7.38,371.28,3,0,-3.44,Addicted,synthetic,1.0
49.63,0.56,2,8.22,30.0,3,0,-16.15,Frustrated,synthetic,1.0
10.0,0.758,8,175.16,257.04,10,3,-40.0,Frustrated,synthetic,1.0
46.96,0.335,4,99.57,308.53,6,0,7.52,Addicted,synthetic,1.0
50.05,0.269,3,159.76,168.18,4,3,-10.89,Frustrated,synthetic,1.0
64.97,0.298,3,10.71,275.62,8,4,33.73,Addicted,synthetic,1.0
36.6,0.172,2,5.0,153.13,9,4,46.13,Addicted,synthetic,1.0
12.23,0.549,1,109.07,133.18,2,0,-35.0,Normal,synthetic,1.0
65.07,0.809,12,75.4,30.0,14,1,3.88,Frustrated,synthetic,1.0
52.12,0.5,7,72.64,180.68,13,4,-35.0,Normal,synthetic,1.0
49.89,0.613,4,109.05,120.98,3,2,17.64,Frustrated,synthetic,1.0
16.25,0.084,0,121.03,96.7,1,3,11.2,Normal,synthetic,1.0
42.12,0.684,10,193.5,103.01,10,1,-12.21,Frustrated,synthetic,1.0
55.56,0.506,4,167.78,185.16,2,2,25.75,Frustrated,synthetic,1.0
19.88,0.613,2,70.91,203.68,2,1,5.23,Frustrated,synthetic,1.0
75.11,0.462,5,5.0,146.57,12,3,4.83,Addicted,synthetic,1.0
38.81,0.085,2,80.23,30.0,10,2,-24.44,Normal,synthetic,1.0
89.16,0.311,5,61.41,329.28,14,2,16.62,Addicted,synthetic,1.0
50.67,0.348,3,225.85,126.59,4,1,-32.28,Normal,synthetic,1.0
21.79,0.208,1,129.74,118.6,7,2,28.1,Normal,synthetic,1.0
73.41,0.356,1,85.33,314.22,3,1,43.71,Addicted,synthetic,1.0
37.97,0.43,1,100.81,293.57,2,1,59.86,Addicted,synthetic,1.0
71.28,0.387,1,42.91,142.42,2,0,23.66,Addicted,synthetic,1.0
64.13,0.667,10,104.89,109.82,11,3,67.09,Frustrated,synthetic,1.0
34.45,0.368,3,5.0,191.91,8,3,43.26,Addicted,synthetic,1.0
45.96,0.395,6,5.0,205.63,13,3,88.97,Addicted,synthetic,1.0
125.15,0.331,6,56.66,295.41,14,4,11.33,Addicted,synthetic,1.0
10.0,0.611,3,159.82,69.29,3,4,-16.73,Normal,synthetic,1.0
85.07,0.05,0,194.19,165.05,7,0,-35.0,Normal,synthetic,1.0
72.84,0.216,3,66.26,279.64,8,0,-15.75,Addicted,synthetic,1.0
72.85,0.754,5,54.54,121.13,4,2,1.96,Frustrated,synthetic,1.0
43.39,0.368,4,192.45,30.0,1,0,-24.8,Frustrated,synthetic,1.0
23.54,0.139,1,149.67,110.18,12,1,38.91,Normal,synthetic,1.0
46.93,0.394,5,201.64,113.57,10,0,51.4,Normal,synthetic,1.0
58.83,0.125,1,109.88,144.28,12,4,-7.87,Normal,synthetic,1.0
86.77,0.196,3,116.71,337.38,6,1,83.77,Addicted,synthetic,1.0
17.84,0.374,4,177.34,31.98,4,4,-5.9,Frustrated,synthetic,1.0
30.0,0.297,2,184.77,172.57,6,1,23.21,Normal,synthetic,1.0
96.09,0.331,2,153.48,247.68,9,0,92.07,Addicted,synthetic,1.0
30.56,0.217,4,73.79,55.98,12,2,1.52,Normal,synthetic,1.0
29.54,0.375,4,113.17,193.25,8,0,7.43,Normal,synthetic,1.0
55.67,0.737,8,25.85,49.47,7,1,16.12,Frustrated,synthetic,1.0
10.0,0.307,4,32.81,157.04,10,4,-1.36,Frustrated,synthetic,1.0
10.0,0.793,5,31.33,209.43,6,1,31.88,Frustrated,synthetic,1.0
28.12,0.372,4,14.54,30.0,10,3,37.52,Frustrated,synthetic,1.0
10.04,0.174,2,96.94,300.0,8,2,10.13,Normal,synthetic,1.0
44.12,0.186,1,119.44,61.56,3,1,-3.9,Normal,synthetic,1.0
54.01,0.081,1,83.01,130.08,9,0,4.5,Normal,synthetic,1.0
15.0,0.648,9,62.62,174.43,11,3,80.16,Addicted,synthetic,1.0
91.27,0.516,3,26.76,330.22,4,2,47.92,Addicted,synthetic,1.0
34.73,0.785,9,157.93,163.0,9,3,-4.36,Normal,synthetic,1.0
35.92,0.433,1,47.75,106.95,1,1,-31.14,Normal,synthetic,1.0
21.88,0.323,6,82.21,110.74,13,3,47.5,Frustrated,synthetic,1.0
10.0,0.289,5,81.46,252.99,10,1,12.86,Frustrated,synthetic,1.0
44.56,0.11,2,5.0,250.72,2,4,65.07,Addicted,synthetic,1.0
10.0,0.545,5,201.75,183.86,5,3,16.08,Frustrated,synthetic,1.0
61.91,0.441,2,5.0,129.84,3,2,33.71,Addicted,synthetic,1.0
34.13,0.672,6,48.47,30.0,6,1,-40.0,Frustrated,synthetic,1.0
27.44,0.115,3,46.13,93.77,13,1,67.31,Addicted,synthetic,1.0
33.02,0.293,1,139.49,102.88,2,0,11.85,Normal,synthetic,1.0
43.52,0.228,2,5.0,283.0,1,1,40.14,Addicted,synthetic,1.0
37.11,0.85,8,190.01,173.39,8,0,-40.0,Frustrated,synthetic,1.0
15.0,0.203,2,64.37,306.32,4,1,70.94,Addicted,synthetic,1.0
31.29,0.348,3,89.89,255.25,6,0,-17.67,Addicted,synthetic,1.0
72.68,0.164,4,197.57,103.44,14,3,16.69,Normal,synthetic,1.0
21.97,0.23,3,77.74,111.71,10,2,29.5,Normal,synthetic,1.0
63.26,0.595,12,5.0,105.86,14,1,11.51,Frustrated,synthetic,1.0
69.36,0.254,5,74.28,460.85,12,2,53.67,Addicted,synthetic,1.0
35.86,0.648,2,76.74,195.48,2,3,-6.14,Frustrated,synthetic,1.0
44.28,0.133,3,125.7,296.65,12,1,5.33,Addicted,synthetic,1.0
42.32,0.233,2,57.17,200.78,7,0,98.46,Addicted,synthetic,1.0
62.73,0.567,2,119.2,240.51,5,4,-20.0,Addicted,synthetic,1.0
41.68,0.232,4,143.19,240.82,14,0,18.97,Normal,synthetic,1.0
38.84,0.267,0,140.13,144.92,1,2,0.24,Normal,synthetic,1.0
71.34,0.484,6,64.44,300.66,13,4,12.28,Addicted,synthetic,1.0
29.64,0.154,3,74.9,311.04,14,4,13.63,Addicted,synthetic,1.0
73.98,0.149,2,41.52,325.51,11,2,44.01,Addicted,synthetic,1.0
79.85,0.321,2,38.4,180.83,2,3,39.82,Addicted,synthetic,1.0
58.36,0.063,2,121.81,381.19,5,0,109.36,Addicted,synthetic,1.0
59.34,0.325,4,67.85,303.06,7,4,25.82,Addicted,synthetic,1.0
47.77,0.211,4,78.59,69.74,10,4,7.94,Normal,synthetic,1.0
34.02,0.344,3,166.41,93.67,5,1,-13.24,Normal,synthetic,1.0
27.82,0.429,1,17.43,187.48,1,2,-8.9,Addicted,synthetic,1.0
57.56,0.532,5,65.32,229.52,8,4,-20.7,Frustrated,synthetic,1.0
46.59,0.553,9,153.33,119.79,14,0,3.39,Normal,synthetic,1.0
61.05,0.499,1,157.48,87.99,4,4,2.39,Normal,synthetic,1.0
21.74,0.509,0,94.33,69.53,1,2,-4.72,Normal,synthetic,1.0
91.03,0.381,6,105.9,86.98,12,3,73.92,Addicted,synthetic,1.0
20.81,0.581,2,5.0,119.62,3,0,-10.45,Frustrated,synthetic,1.0
54.81,0.223,4,36.52,321.62,12,4,-20.0,Addicted,synthetic,1.0
79.58,0.095,1,5.0,169.43,1,1,-16.1,Addicted,synthetic,1.0
47.51,0.545,3,121.05,30.0,1,4,37.08,Frustrated,synthetic,1.0
47.74,0.15,2,90.76,173.37,1,1,2.73,Addicted,synthetic,1.0
40.55,0.418,6,151.84,89.41,14,3,-5.93,Normal,synthetic,1.0
28.32,0.278,2,117.23,166.04,8,2,35.32,Normal,synthetic,1.0
35.62,0.513,4,5.0,416.47,5,4,56.63,Addicted,synthetic,1.0
54.26,0.6,5,69.84,126.14,8,2,53.63,Addicted,synthetic,1.0
52.16,0.528,4,169.96,148.06,6,2,-34.82,Normal,synthetic,1.0
50.44,0.246,2,95.17,172.92,8,1,16.18,Addicted,synthetic,1.0
13.34,0.719,4,102.64,94.88,2,4,-21.85,Frustrated,synthetic,1.0
71.52,0.624,3,5.0,104.1,2,4,43.01,Addicted,synthetic,1.0
35.57,0.34,5,10.0,262.08,10,4,36.68,Normal,synthetic,1.0
43.01,0.513,5,233.89,120.65,10,0,-34.02,Normal,synthetic,1.0
37.12,0.371,3,157.92,348.7,3,2,30.71,Addicted,synthetic,1.0
51.78,0.446,6,65.95,191.03,12,0,61.11,Addicted,synthetic,1.0
19.2,0.573,7,151.49,72.97,11,2,-20.56,Frustrated,synthetic,1.0
15.0,0.348,0,133.28,261.94,1,0,37.98,Addicted,synthetic,1.0
15.0,0.573,3,61.63,130.99,4,4,71.24,Addicted,synthetic,1.0
36.14,0.787,12,139.89,202.29,12,2,4.38,Frustrated,synthetic,1.0
29.38,0.594,7,39.2,191.85,13,0,3.52,Normal,synthetic,1.0
60.7,0.449,1,85.62,107.07,2,2,-40.0,Frustrated,synthetic,1.0
21.7,0.369,4,159.29,161.02,12,0,2.37,Normal,synthetic,1.0
42.86,0.102,1,12.3,128.76,12,3,23.99,Normal,synthetic,1.0
29.47,0.357,4,107.39,229.07,6,1,-40.0,Frustrated,synthetic,1.0
47.09,0.64,3,66.0,243.03,4,1,14.82,Frustrated,synthetic,1.0
10.0,0.672,8,34.58,99.48,9,4,15.12,Normal,synthetic,1.0
65.7,0.234,2,22.64,65.09,5,3,-35.0,Normal,synthetic,1.0
108.29,0.274,5,86.87,242.92,13,1,4.39,Addicted,synthetic,1.0
15.0,0.195,1,65.15,219.62,2,0,86.09,Addicted,synthetic,1.0
42.89,0.179,1,163.44,165.13,7,4,34.21,Normal,synthetic,1.0
54.81,0.389,5,250.68,203.52,14,1,12.64,Normal,synthetic,1.0
40.57,0.326,1,168.97,30.95,3,0,34.52,Normal,synthetic,1.0
43.58,0.558,2,76.57,257.63,3,1,57.69,Addicted,synthetic,1.0
55.8,0.45,6,116.7,183.59,11,1,-19.67,Frustrated,synthetic,1.0
54.33,0.549,3,141.12,63.62,2,4,55.32,Normal,synthetic,1.0
40.98,0.168,2,33.54,60.0,10,4,53.14,Addicted,synthetic,1.0
126.27,0.229,1,32.91,159.28,6,3,75.05,Addicted,synthetic,1.0
35.82,0.199,3,8.2,60.0,11,1,9.05,Addicted,synthetic,1.0
54.91,0.546,2,51.91,185.97,1,4,43.23,Addicted,synthetic,1.0
27.08,0.419,3,63.69,56.31,6,0,-13.34,Normal,synthetic,1.0
45.1,0.49,7,253.05,74.28,14,1,-9.28,Normal,synthetic,1.0
130.0,0.291,1,70.11,250.39,5,0,49.81,Addicted,synthetic,1.0
21.11,0.103,0,165.44,44.0,8,3,0.9,Normal,synthetic,1.0
12.5,0.504,5,147.91,37.85,4,4,26.56,Frustrated,synthetic,1.0
76.2,0.175,1,30.63,231.14,8,0,66.45,Addicted,synthetic,1.0
20.27,0.616,5,118.06,185.74,7,0,-6.2,Frustrated,synthetic,1.0
24.43,0.539,11,72.76,78.75,14,4,-21.69,Frustrated,synthetic,1.0
56.15,0.417,2,10.0,182.92,3,0,-35.0,Normal,synthetic,1.0
20.19,0.656,9,88.95,167.1,11,0,22.42,Frustrated,synthetic,1.0
70.05,0.387,3,9.07,154.74,10,0,43.05,Addicted,synthetic,1.0
19.22,0.43,4,129.04,131.43,6,4,-12.56,Normal,synthetic,1.0
64.13,0.145,2,5.0,236.43,12,1,10.04,Addicted,synthetic,1.0
57.51,0.422,6,104.91,30.0,9,4,-6.95,Frustrated,synthetic,1.0
52.37,0.214,1,13.03,287.67,2,4,41.98,Addicted,synthetic,1.0
53.12,0.151,0,119.89,117.2,6,2,34.14,Addicted,synthetic,1.0
14.15,0.38,3,126.66,34.47,1,4,5.98,Frustrated,synthetic,1.0
31.78,0.694,11,92.06,178.21,13,4,-11.27,Frustrated,synthetic,1.0
65.82,0.144,1,95.39,176.71,13,2,80.22,Addicted,synthetic,1.0
31.45,0.368,5,25.34,153.3,3,2,-9.3,Frustrated,synthetic,1.0
52.48,0.836,5,10.0,225.93,7,3,1.69,Normal,synthetic,1.0
41.05,0.748,1,134.9,58.94,2,3,-35.0,Normal,synthetic,1.0
56.95,0.526,7,133.11,169.7,13,3,0.47,Normal,synthetic,1.0
80.33,0.461,7,129.99,137.79,9,1,-15.68,Frustrated,synthetic,1.0
31.07,0.292,5,129.93,100.36,12,4,-6.66,Addicted,synthetic,1.0
32.84,0.771,3,103.56,149.57,5,0,40.23,Normal,synthetic,1.0
72.0,0.531,1,246.46,84.23,2,4,19.22,Normal,synthetic,1.0
60.12,0.445,4,255.65,138.38,5,0,-12.57,Normal,synthetic,1.0
58.26,0.362,2,180.71,121.86,1,0,6.32,Normal,synthetic,1.0
33.63,0.447,6,204.36,121.29,9,0,-1.69,Normal,synthetic,1.0
60.55,0.068,0,139.08,237.27,12,0,50.78,Addicted,synthetic,1.0
27.85,0.289,3,5.0,227.4,8,4,35.97,Addicted,synthetic,1.0
37.28,0.396,3,130.33,30.0,4,2,-34.18,Normal,synthetic,1.0
19.85,0.553,3,52.72,119.52,1,0,7.93,Frustrated,synthetic,1.0
25.01,0.656,13,123.81,84.16,14,1,67.22,Frustrated,synthetic,1.0
23.02,0.563,2,111.72,150.81,3,4,45.06,Normal,synthetic,1.0
23.93,0.649,7,74.81,248.61,5,2,-16.49,Frustrated,synthetic,1.0
53.36,0.161,1,224.2,171.41,6,3,37.8,Normal,synthetic,1.0
37.89,0.558,9,67.82,231.57,9,4,31.53,Frustrated,synthetic,1.0
43.19,0.243,0,24.13,317.86,4,1,85.17,Addicted,synthetic,1.0
35.89,0.172,2,73.63,321.75,4,0,92.52,Addicted,synthetic,1.0
32.17,0.504,2,10.0,102.45,5,1,-5.4,Normal,synthetic,1.0
34.61,0.272,6,5.0,114.78,14,0,28.89,Frustrated,synthetic,1.0
50.63,0.195,2,76.52,144.82,8,2,30.35,Addicted,synthetic,1.0
48.13,0.289,4,142.57,398.89,10,1,17.13,Addicted,synthetic,1.0
10.0,0.64,3,20.62,157.6,3,0,-26.27,Normal,synthetic,1.0
62.58,0.547,4,94.28,171.71,4,2,23.6,Addicted,synthetic,1.0
56.2,0.159,0,120.82,311.97,5,3,37.18,Addicted,synthetic,1.0
65.09,0.065,1,127.15,123.81,7,4,49.1,Addicted,synthetic,1.0
85.6,0.229,1,40.37,303.37,6,0,99.34,Addicted,synthetic,1.0
38.79,0.503,7,51.96,272.79,11,3,2.58,Addicted,synthetic,1.0
40.94,0.274,3,65.27,231.49,11,4,-20.0,Addicted,synthetic,1.0
66.51,0.137,2,166.99,177.37,4,0,27.56,Normal,synthetic,1.0
84.16,0.292,0,44.06,68.56,3,2,16.33,Addicted,synthetic,1.0
80.31,0.319,6,99.78,233.52,14,4,87.47,Addicted,synthetic,1.0
22.23,0.711,3,35.44,329.21,3,2,15.18,Frustrated,synthetic,1.0
42.62,0.471,4,171.28,228.95,6,4,-35.57,Frustrated,synthetic,1.0
10.0,0.826,11,97.43,108.87,10,1,24.54,Frustrated,synthetic,1.0
55.14,0.554,7,34.64,334.38,14,1,13.55,Addicted,synthetic,1.0
111.18,0.216,2,89.69,188.76,3,2,72.8,Addicted,synthetic,1.0
10.0,0.479,4,62.07,89.17,9,1,10.2,Normal,synthetic,1.0
77.25,0.306,4,69.83,281.11,12,2,52.0,Addicted,synthetic,1.0
107.79,0.317,4,69.82,246.94,11,1,47.67,Addicted,synthetic,1.0
59.75,0.708,4,5.0,147.69,4,4,-7.08,Frustrated,synthetic,1.0
39.44,0.51,2,80.09,164.7,2,1,86.09,Addicted,synthetic,1.0
89.85,0.51,7,52.44,277.32,14,2,28.21,Addicted,synthetic,1.0
17.04,0.866,6,41.59,114.73,4,3,-40.0,Frustrated,synthetic,1.0
24.13,0.121,2,159.25,192.17,5,4,-0.74,Normal,synthetic,1.0
38.03,0.086,3,187.23,74.2,12,2,-13.56,Normal,synthetic,1.0
80.34,0.424,3,125.41,180.66,8,4,59.12,Addicted,synthetic,1.0
20.84,0.434,8,14.6,52.11,10,3,-2.95,Frustrated,synthetic,1.0
40.33,0.73,5,192.37,179.23,7,3,33.32,Normal,synthetic,1.0
20.79,0.35,4,128.51,208.89,4,0,-13.17,Frustrated,synthetic,1.0
10.0,0.223,3,133.58,30.0,13,3,24.25,Normal,synthetic,1.0
115.65,0.17,2,181.46,234.91,12,0,40.38,Addicted,synthetic,1.0
56.11,0.191,3,138.67,213.11,6,1,-5.74,Addicted,synthetic,1.0
91.55,0.351,1,67.5,100.29,3,0,46.29,Addicted,synthetic,1.0
69.47,0.432,3,146.72,181.65,9,0,44.7,Addicted,synthetic,1.0
39.62,0.05,1,106.82,88.67,9,2,-13.08,Normal,synthetic,1.0
22.64,0.83,2,16.8,227.54,3,2,5.24,Normal,synthetic,1.0
24.07,0.769,13,113.45,231.19,13,2,57.86,Frustrated,synthetic,1.0
45.19,0.321,4,5.0,223.95,7,3,40.01,Addicted,synthetic,1.0
61.71,0.113,3,69.47,143.03,13,2,0.62,Normal,synthetic,1.0
30.46,0.183,0,44.56,301.24,2,0,76.06,Addicted,synthetic,1.0
46.99,0.724,5,51.16,128.86,6,1,10.74,Frustrated,synthetic,1.0
30.83,0.225,1,57.25,173.58,1,0,1.73,Normal,synthetic,1.0
44.72,0.681,9,76.91,303.11,9,1,2.44,Frustrated,synthetic,1.0
35.31,0.376,5,5.0,86.08,6,2,15.92,Frustrated,synthetic,1.0
19.94,0.223,5,37.22,156.89,14,0,21.4,Normal,synthetic,1.0
66.69,0.134,3,23.83,203.33,11,2,34.8,Addicted,synthetic,1.0
47.69,0.597,9,41.9,30.0,14,2,16.39,Normal,synthetic,1.0
96.33,0.264,3,47.75,213.02,4,4,-20.0,Addicted,synthetic,1.0
51.39,0.091,1,5.0,297.72,12,3,24.61,Addicted,synthetic,1.0
24.85,0.805,2,109.71,30.0,1,2,14.05,Frustrated,synthetic,1.0
48.95,0.548,7,117.56,127.79,11,0,43.08,Normal,synthetic,1.0
46.01,0.309,2,137.3,240.72,2,1,50.24,Addicted,synthetic,1.0
65.9,0.252,2,53.2,30.0,6,1,-13.68,Frustrated,synthetic,1.0
21.87,0.34,0,146.37,252.21,1,1,1.37,Addicted,synthetic,1.0
14.43,0.495,9,169.27,222.13,12,2,-40.0,Frustrated,synthetic,1.0
58.5,0.369,4,125.54,39.09,7,0,2.47,Frustrated,synthetic,1.0
10.0,0.879,7,46.38,59.51,7,1,-1.32,Frustrated,synthetic,1.0
49.32,0.487,6,207.82,158.54,13,2,33.55,Normal,synthetic,1.0
12.17,0.425,6,112.25,84.45,13,0,12.09,Frustrated,synthetic,1.0
21.56,0.636,7,148.16,78.84,10,0,1.93,Frustrated,synthetic,1.0
50.95,0.403,4,75.99,225.77,7,1,-32.31,Normal,synthetic,1.0
62.29,0.415,0,35.33,174.13,1,4,33.73,Addicted,synthetic,1.0
57.23,0.671,4,33.71,109.24,6,2,74.17,Addicted,synthetic,1.0
47.31,0.362,2,124.49,155.96,4,1,-18.97,Addicted,synthetic,1.0
61.24,0.666,2,19.71,112.86,4,2,34.35,Addicted,synthetic,1.0
22.55,0.66,8,83.99,86.79,12,2,-18.96,Frustrated,synthetic,1.0
52.82,0.237,3,102.57,243.79,14,1,36.43,Addicted,synthetic,1.0
50.04,0.24,2,70.25,305.33,2,4,-7.72,Addicted,synthetic,1.0
80.89,0.594,5,65.47,138.71,10,2,49.8,Addicted,synthetic,1.0
10.0,0.637,7,198.06,103.02,5,3,23.04,Frustrated,synthetic,1.0
28.4,0.331,2,240.74,30.0,9,2,17.1,Normal,synthetic,1.0
35.63,0.491,5,128.36,183.85,7,1,-3.17,Normal,synthetic,1.0
27.47,0.188,2,112.06,95.51,7,1,11.83,Normal,synthetic,1.0
19.07,0.69,5,153.55,30.0,7,0,58.67,Frustrated,synthetic,1.0
31.45,0.395,0,93.32,382.42,2,1,110.52,Addicted,synthetic,1.0
21.1,0.097,1,5.0,305.97,8,1,1.67,Addicted,synthetic,1.0
45.96,0.52,4,23.28,84.6,2,3,39.12,Frustrated,synthetic,1.0
35.98,0.591,9,5.0,309.34,12,4,98.36,Addicted,synthetic,1.0
49.26,0.501,7,46.23,276.11,13,4,30.06,Addicted,synthetic,1.0
26.43,0.205,4,5.0,300.5,14,0,115.43,Addicted,synthetic,1.0
25.3,0.703,4,99.73,83.77,4,0,-30.07,Frustrated,synthetic,1.0
43.2,0.463,6,151.71,100.31,11,4,-15.95,Normal,synthetic,1.0
52.6,0.214,1,85.37,240.38,4,0,16.83,Addicted,synthetic,1.0
75.35,0.184,1,16.13,296.39,10,2,130.0,Addicted,synthetic,1.0
33.3,0.551,9,96.47,101.68,14,1,26.76,Frustrated,synthetic,1.0
17.79,0.233,5,127.16,60.77,13,4,13.08,Normal,synthetic,1.0
52.31,0.479,4,110.45,231.82,2,4,17.0,Frustrated,synthetic,1.0
37.78,0.263,2,108.15,125.6,10,0,20.44,Normal,synthetic,1.0
87.26,0.145,2,125.33,280.96,12,3,-9.73,Addicted,synthetic,1.0
48.49,0.056,2,19.59,371.38,11,2,0.26,Addicted,synthetic,1.0
25.2,0.464,8,60.16,86.51,12,2,4.87,Frustrated,synthetic,1.0
101.63,0.054,1,52.74,367.64,7,1,19.41,Addicted,synthetic,1.0
27.83,0.376,2,123.1,108.23,5,0,50.51,Normal,synthetic,1.0
35.39,0.718,4,123.17,100.28,2,3,-18.18,Frustrated,synthetic,1.0
39.27,0.375,7,90.19,125.88,10,2,5.28,Frustrated,synthetic,1.0
72.74,0.331,3,144.37,93.05,10,4,38.22,Normal,synthetic,1.0
55.31,0.12,0,34.12,168.15,5,2,33.81,Addicted,synthetic,1.0
53.82,0.391,2,219.17,59.9,3,3,7.17,Normal,synthetic,1.0
33.52,0.817,7,110.4,212.71,4,4,-19.01,Frustrated,synthetic,1.0
45.36,0.435,6,58.98,239.89,10,3,4.73,Addicted,synthetic,1.0
54.8,0.595,5,208.23,186.65,8,2,19.35,Normal,synthetic,1.0
31.24,0.066,2,163.61,94.58,8,3,20.75,Normal,synthetic,1.0
42.4,0.555,4,119.75,257.47,4,3,24.37,Addicted,synthetic,1.0
15.86,0.431,5,10.75,297.0,11,1,22.91,Addicted,synthetic,1.0
76.86,0.214,2,181.49,371.89,14,4,-10.18,Addicted,synthetic,1.0
72.21,0.239,0,82.31,254.12,1,1,79.54,Addicted,synthetic,1.0
53.75,0.514,5,150.54,77.39,10,2,26.37,Normal,synthetic,1.0
47.32,0.057,1,274.38,66.76,8,2,-5.29,Normal,synthetic,1.0
56.6,0.603,3,5.0,267.86,3,0,-16.62,Frustrated,synthetic,1.0
49.9,0.829,14,30.75,79.36,14,1,27.13,Frustrated,synthetic,1.0
35.08,0.66,11,138.02,102.21,11,1,-4.21,Frustrated,synthetic,1.0
12.86,0.349,6,161.21,233.71,13,2,7.42,Normal,synthetic,1.0
29.9,0.344,5,77.52,115.38,12,3,-3.45,Normal,synthetic,1.0
16.89,0.408,2,179.18,140.49,7,0,51.36,Normal,synthetic,1.0
81.6,0.2,2,5.0,212.69,12,3,75.13,Addicted,synthetic,1.0
10.0,0.546,4,95.93,141.4,5,1,63.37,Frustrated,synthetic,1.0
29.75,0.338,3,11.33,106.85,4,4,120.63,Addicted,synthetic,1.0
71.24,0.466,4,24.03,98.61,9,1,46.95,Addicted,synthetic,1.0
47.11,0.136,0,102.76,118.3,1,4,-11.7,Normal,synthetic,1.0
41.23,0.105,2,134.95,354.49,11,3,39.92,Addicted,synthetic,1.0
14.55,0.431,5,87.5,140.69,3,0,1.65,Frustrated,synthetic,1.0
42.04,0.258,2,62.09,124.02,1,2,0.16,Normal,synthetic,1.0
52.71,0.435,5,16.3,91.88,9,3,96.35,Addicted,synthetic,1.0
86.51,0.411,5,85.85,112.54,13,0,70.18,Addicted,synthetic,1.0
94.25,0.089,0,29.62,80.63,3,3,-11.94,Addicted,synthetic,1.0
79.38,0.309,0,76.51,60.0,2,0,-8.84,Addicted,synthetic,1.0
37.37,0.262,1,143.53,78.95,4,3,-18.12,Normal,synthetic,1.0
13.75,0.237,2,76.07,90.62,6,3,2.42,Frustrated,synthetic,1.0
43.76,0.376,3,174.14,114.45,5,0,9.21,Normal,synthetic,1.0
72.31,0.238,2,91.57,230.64,3,4,25.44,Addicted,synthetic,1.0
23.9,0.382,5,67.83,116.66,10,2,46.76,Normal,synthetic,1.0
83.8,0.45,3,31.99,272.58,4,1,90.84,Addicted,synthetic,1.0
14.0,0.278,2,216.69,122.57,6,1,16.73,Normal,synthetic,1.0
31.13,0.321,3,112.45,140.77,8,4,7.38,Normal,synthetic,1.0
73.44,0.037,1,94.67,244.24,8,2,80.57,Addicted,synthetic,1.0
51.35,0.597,6,91.16,157.31,6,3,39.99,Frustrated,synthetic,1.0
48.74,0.345,4,5.49,93.98,7,4,42.14,Addicted,synthetic,1.0
30.84,0.408,4,108.3,86.76,5,2,-3.41,Normal,synthetic,1.0
31.58,0.37,2,64.25,121.06,5,1,58.05,Normal,synthetic,1.0
32.2,0.473,3,87.13,265.11,7,3,51.16,Addicted,synthetic,1.0
10.89,0.127,2,145.25,169.09,6,1,-21.33,Normal,synthetic,1.0
48.65,0.562,4,98.4,156.96,4,1,19.29,Frustrated,synthetic,1.0
10.0,0.777,12,84.41,189.03,13,3,51.88,Frustrated,synthetic,1.0
10.0,0.474,5,79.94,87.59,9,2,-8.47,Normal,synthetic,1.0
59.48,0.1,1,119.31,158.13,10,4,8.54,Addicted,synthetic,1.0
12.7,0.187,3,148.73,150.19,6,3,44.22,Frustrated,synthetic,1.0
45.64,0.411,0,153.6,149.28,1,2,40.4,Normal,synthetic,1.0
48.84,0.305,2,64.21,197.69,5,0,49.27,Addicted,synthetic,1.0
30.21,0.541,2,106.21,76.11,3,0,14.36,Normal,synthetic,1.0
27.23,0.361,2,120.53,188.5,6,3,-10.96,Normal,synthetic,1.0
10.0,0.322,4,125.5,30.0,7,3,-1.36,Frustrated,synthetic,1.0
41.89,0.502,6,5.0,99.33,6,0,35.42,Frustrated,synthetic,1.0
20.97,0.271,3,45.09,268.59,4,1,20.12,Addicted,synthetic,1.0
15.13,0.334,2,186.23,137.37,4,2,-8.11,Normal,synthetic,1.0
49.16,0.102,2,76.48,171.83,11,0,59.58,Normal,synthetic,1.0
28.25,0.296,3,111.16,300.48,4,0,63.41,Addicted,synthetic,1.0
78.78,0.584,6,46.09,84.96,8,2,35.04,Frustrated,synthetic,1.0
64.46,0.507,7,65.17,269.62,11,0,19.49,Addicted,synthetic,1.0
62.82,0.543,2,71.4,210.44,2,0,8.87,Addicted,synthetic,1.0
36.69,0.325,5,125.48,105.6,11,0,-0.54,Normal,synthetic,1.0
56.58,0.05,1,154.39,90.06,10,4,-35.0,Normal,synthetic,1.0
48.58,0.189,2,83.19,129.76,10,1,36.05,Addicted,synthetic,1.0
23.26,0.304,3,61.92,32.89,10,3,-0.82,Normal,synthetic,1.0
70.08,0.629,4,248.7,227.55,4,2,-35.0,Normal,synthetic,1.0
94.76,0.028,2,36.99,217.83,9,1,102.56,Addicted,synthetic,1.0
45.66,0.205,1,115.71,92.92,9,2,-7.35,Normal,synthetic,1.0
36.24,0.468,7,146.31,206.72,14,2,-12.86,Frustrated,synthetic,1.0
15.16,0.637,5,5.0,171.19,6,2,-1.45,Frustrated,synthetic,1.0
55.27,0.227,2,74.49,202.93,12,4,51.82,Addicted,synthetic,1.0
47.39,0.521,7,5.0,142.73,10,3,-2.38,Frustrated,synthetic,1.0
42.0,0.509,8,43.81,193.7,14,0,13.35,Frustrated,synthetic,1.0
39.91,0.321,3,112.17,155.44,4,0,23.96,Normal,synthetic,1.0
10.0,0.7,8,5.0,165.61,9,4,24.52,Frustrated,synthetic,1.0
64.62,0.437,4,92.06,258.69,6,4,3.15,Addicted,synthetic,1.0
56.4,0.22,4,43.15,349.69,13,2,93.58,Addicted,synthetic,1.0
65.63,0.444,1,93.67,30.0,1,1,31.79,Frustrated,synthetic,1.0
60.21,0.2,2,5.0,287.19,12,4,61.29,Addicted,synthetic,1.0
33.0,0.439,6,10.0,111.62,10,4,49.43,Normal,synthetic,1.0
10.0,0.461,5,150.51,30.0,7,1,21.24,Frustrated,synthetic,1.0
10.0,0.796,5,56.5,122.69,7,1,20.57,Normal,synthetic,1.0
36.64,0.347,3,110.24,182.81,3,2,-9.51,Normal,synthetic,1.0
10.0,0.511,9,118.03,332.63,10,3,4.39,Frustrated,synthetic,1.0
38.84,0.747,9,5.0,152.91,11,1,58.8,Frustrated,synthetic,1.0
39.53,0.292,1,202.15,61.08,2,3,45.45,Normal,synthetic,1.0
47.3,0.35,0,86.91,51.24,2,0,-32.84,Normal,synthetic,1.0
39.79,0.204,4,68.78,322.39,11,4,22.44,Addicted,synthetic,1.0
57.77,0.143,2,44.31,337.17,12,3,67.82,Addicted,synthetic,1.0
73.92,0.316,4,148.91,156.16,9,2,-20.0,Addicted,synthetic,1.0
50.84,0.555,3,89.86,229.9,5,2,-4.8,Addicted,synthetic,1.0
18.82,0.734,12,116.16,30.0,12,0,-5.13,Frustrated,synthetic,1.0
54.14,0.64,7,152.88,63.97,12,0,31.98,Normal,synthetic,1.0
85.18,0.397,7,83.76,117.34,14,0,26.25,Addicted,synthetic,1.0
10.0,0.159,2,10.0,42.46,13,1,26.4,Normal,synthetic,1.0
48.81,0.509,5,58.16,153.65,6,2,2.99,Normal,synthetic,1.0
49.61,0.527,6,100.97,137.89,4,1,7.66,Frustrated,synthetic,1.0
37.41,0.78,7,145.52,121.8,5,1,21.88,Frustrated,synthetic,1.0
25.79,0.569,8,121.62,212.52,10,0,12.44,Frustrated,synthetic,1.0
72.02,0.27,3,5.0,246.95,14,4,-2.5,Addicted,synthetic,1.0
10.0,0.49,3,158.15,36.23,4,3,-35.0,Normal,synthetic,1.0
57.88,0.541,6,94.93,271.99,12,0,92.85,Addicted,synthetic,1.0
26.55,0.183,2,205.45,82.23,2,2,0.75,Normal,synthetic,1.0
47.18,0.674,5,64.63,96.38,6,0,-14.3,Frustrated,synthetic,1.0
49.99,0.514,6,23.09,30.0,4,2,36.3,Frustrated,synthetic,1.0
34.16,0.172,3,73.11,30.0,2,1,13.98,Frustrated,synthetic,1.0
15.0,0.079,2,122.15,277.66,5,2,17.06,Addicted,synthetic,1.0
45.06,0.41,4,101.37,244.54,10,3,22.08,Addicted,synthetic,1.0
76.19,0.502,2,5.0,315.62,4,3,58.76,Addicted,synthetic,1.0
31.66,0.376,3,5.0,159.53,3,4,66.95,Frustrated,synthetic,1.0
67.55,0.411,4,5.0,254.23,9,0,112.25,Addicted,synthetic,1.0
29.73,0.517,5,5.0,178.01,8,1,76.18,Addicted,synthetic,1.0
31.06,0.95,2,7.02,103.59,1,1,-13.08,Frustrated,synthetic,1.0
74.61,0.371,4,148.25,172.89,3,3,-20.02,Frustrated,synthetic,1.0
23.94,0.088,1,21.63,128.5,7,0,44.03,Addicted,synthetic,1.0
30.55,0.058,2,109.79,115.69,8,0,-8.64,Normal,synthetic,1.0
19.9,0.208,1,174.15,117.32,1,4,57.42,Normal,synthetic,1.0
30.81,0.14,2,106.69,146.5,4,0,29.12,Normal,synthetic,1.0
39.08,0.793,7,111.0,107.05,5,1,22.4,Frustrated,synthetic,1.0
28.45,0.806,8,170.2,113.11,5,1,-40.0,Frustrated,synthetic,1.0
19.06,0.276,3,111.03,212.53,3,0,69.93,Frustrated,synthetic,1.0
56.6,0.23,1,70.01,184.05,6,4,10.99,Addicted,synthetic,1.0
82.25,0.066,2,163.92,256.34,2,1,79.74,Addicted,synthetic,1.0
14.79,0.767,10,120.49,289.08,11,2,49.46,Frustrated,synthetic,1.0
29.58,0.307,1,56.28,176.91,5,1,43.98,Normal,synthetic,1.0
55.72,0.384,4,187.73,83.57,12,0,23.92,Addicted,synthetic,1.0
39.88,0.309,3,200.51,30.0,8,0,50.59,Frustrated,synthetic,1.0
123.12,0.432,4,123.9,233.9,9,4,-8.88,Addicted,synthetic,1.0
89.97,0.196,2,44.89,243.19,13,0,53.97,Addicted,synthetic,1.0
39.07,0.445,7,5.0,157.2,14,0,19.27,Frustrated,synthetic,1.0
36.38,0.859,8,163.29,153.59,8,1,4.49,Frustrated,synthetic,1.0
39.21,0.376,7,115.32,147.97,12,2,5.81,Frustrated,synthetic,1.0
32.54,0.215,2,184.94,263.46,11,1,34.09,Addicted,synthetic,1.0
112.51,0.454,7,88.82,338.75,13,1,10.75,Addicted,synthetic,1.0
61.94,0.489,7,152.86,175.73,13,4,-34.56,Normal,synthetic,1.0
10.0,0.405,5,170.57,205.36,8,4,-0.36,Normal,synthetic,1.0
26.11,0.237,5,161.98,192.98,10,0,10.18,Frustrated,synthetic,1.0
32.62,0.647,3,135.84,154.29,2,1,-40.0,Frustrated,synthetic,1.0
68.09,0.23,4,138.92,143.26,10,2,12.6,Normal,synthetic,1.0
41.13,0.705,1,117.99,66.96,2,0,3.51,Normal,synthetic,1.0
47.84,0.652,9,46.91,212.43,8,0,-6.94,Frustrated,synthetic,1.0
19.02,0.336,4,36.88,91.39,1,1,43.36,Frustrated,synthetic,1.0
16.85,0.666,6,174.32,219.35,9,0,-23.36,Normal,synthetic,1.0
53.01,0.527,1,10.0,138.55,2,1,0.83,Normal,synthetic,1.0
54.07,0.893,8,64.83,98.03,5,4,-9.63,Frustrated,synthetic,1.0
56.17,0.686,11,123.94,86.26,12,0,73.31,Frustrated,synthetic,1.0
25.38,0.464,7,195.8,171.01,7,2,34.74,Frustrated,synthetic,1.0
60.18,0.508,4,97.25,82.8,9,1,17.61,Normal,synthetic,1.0
20.77,0.657,7,102.69,151.3,10,1,-5.35,Frustrated,synthetic,1.0
33.9,0.85,7,144.98,230.94,7,1,14.49,Normal,synthetic,1.0
51.48,0.76,11,135.88,206.36,11,3,29.73,Frustrated,synthetic,1.0
34.2,0.252,1,184.69,124.42,2,0,12.1,Normal,synthetic,1.0
18.01,0.097,3,84.15,58.28,14,1,35.75,Normal,synthetic,1.0
50.22,0.59,7,69.48,171.39,9,4,7.51,Frustrated,synthetic,1.0
21.27,0.759,5,134.76,145.86,4,3,-29.25,Frustrated,synthetic,1.0
103.87,0.398,3,56.79,282.52,9,1,27.16,Addicted,synthetic,1.0
33.52,0.658,8,44.5,119.06,10,3,43.47,Frustrated,synthetic,1.0
10.0,0.494,6,90.71,127.21,12,4,28.3,Frustrated,synthetic,1.0
30.2,0.571,5,146.24,149.59,8,0,33.28,Normal,synthetic,1.0
19.98,0.091,2,40.73,96.93,7,0,76.02,Addicted,synthetic,1.0
10.0,0.536,7,161.43,241.1,13,0,10.58,Normal,synthetic,1.0
46.32,0.683,8,88.19,134.66,9,3,16.32,Normal,synthetic,1.0
74.89,0.448,7,68.7,126.7,13,4,18.4,Addicted,synthetic,1.0
78.78,0.25,2,47.76,157.83,11,4,77.44,Addicted,synthetic,1.0
28.23,0.722,3,150.58,179.88,4,0,-1.62,Frustrated,synthetic,1.0
19.14,0.62,9,120.56,210.25,13,1,55.46,Frustrated,synthetic,1.0
10.0,0.378,2,194.85,188.03,2,1,-16.2,Frustrated,synthetic,1.0
40.65,0.583,8,38.8,147.27,10,4,-24.32,Frustrated,synthetic,1.0
18.32,0.787,6,180.34,58.44,6,0,-20.47,Frustrated,synthetic,1.0
49.5,0.496,4,164.89,210.5,6,4,3.89,Normal,synthetic,1.0
17.44,0.621,5,37.27,30.0,2,4,4.27,Frustrated,synthetic,1.0
31.07,0.469,10,92.68,195.83,13,2,-29.36,Frustrated,synthetic,1.0
23.83,0.042,2,129.45,108.18,7,0,37.93,Addicted,synthetic,1.0
29.43,0.595,3,19.37,122.93,4,4,10.47,Normal,synthetic,1.0
34.84,0.139,3,5.0,237.51,11,0,27.96,Addicted,synthetic,1.0
45.81,0.691,2,63.56,359.82,2,0,114.37,Addicted,synthetic,1.0
25.87,0.506,6,116.23,194.06,10,2,11.75,Frustrated,synthetic,1.0
60.08,0.763,9,38.28,174.62,11,0,-27.88,Frustrated,synthetic,1.0
37.88,0.875,15,39.39,124.29,14,2,36.26,Frustrated,synthetic,1.0
13.23,0.107,2,58.04,114.98,9,0,-12.27,Frustrated,synthetic,1.0
41.91,0.761,3,282.85,132.85,3,2,28.98,Normal,synthetic,1.0
130.0,0.527,3,50.9,130.84,6,2,-11.26,Addicted,synthetic,1.0
43.74,0.395,3,249.47,30.0,8,2,2.69,Normal,synthetic,1.0
10.0,0.307,2,122.96,171.82,5,4,-6.63,Normal,synthetic,1.0
10.0,0.667,5,143.49,84.18,5,1,-13.16,Normal,synthetic,1.0
10.0,0.385,5,62.62,75.28,14,2,10.23,Normal,synthetic,1.0
38.0,0.618,3,75.5,199.73,6,4,-14.8,Normal,synthetic,1.0
33.89,0.296,4,42.26,305.55,8,1,60.6,Addicted,synthetic,1.0
72.18,0.411,2,75.35,230.6,5,1,59.44,Addicted,synthetic,1.0
25.67,0.506,6,115.67,81.07,10,4,-37.57,Frustrated,synthetic,1.0
10.0,0.189,2,150.79,135.41,2,3,68.01,Frustrated,synthetic,1.0
47.36,0.25,4,50.64,97.65,14,4,-7.49,Addicted,synthetic,1.0
10.0,0.456,7,67.77,110.4,12,0,-24.79,Frustrated,synthetic,1.0
93.2,0.162,2,71.74,240.08,11,2,-3.57,Addicted,synthetic,1.0
27.9,0.165,2,5.29,283.67,8,0,111.48,Addicted,synthetic,1.0
38.92,0.14,2,152.7,283.21,7,0,35.27,Addicted,synthetic,1.0
36.61,0.318,7,124.97,30.0,14,3,26.53,Frustrated,synthetic,1.0
18.59,0.478,1,111.42,89.1,1,4,8.89,Frustrated,synthetic,1.0
17.28,0.389,4,172.03,159.11,11,4,9.44,Normal,synthetic,1.0
63.69,0.444,5,86.45,88.69,9,2,5.95,Normal,synthetic,1.0
46.95,0.05,0,121.15,62.18,5,2,-35.0,Normal,synthetic,1.0
27.85,0.773,13,53.83,30.73,13,2,-35.02,Frustrated,synthetic,1.0
40.42,0.817,8,65.98,90.92,5,0,-40.0,Frustrated,synthetic,1.0
10.0,0.273,3,71.37,34.0,6,0,50.0,Frustrated,synthetic,1.0
10.0,0.324,4,183.39,267.57,11,0,9.03,Normal,synthetic,1.0
23.04,0.821,8,133.84,158.97,9,3,15.45,Frustrated,synthetic,1.0
22.6,0.14,0,53.57,355.68,1,4,73.58,Addicted,synthetic,1.0
50.34,0.271,2,176.96,192.99,6,2,-10.1,Normal,synthetic,1.0
63.97,0.7,3,94.79,240.02,5,1,18.15,Addicted,synthetic,1.0
25.69,0.492,6,100.21,138.18,9,4,44.41,Normal,synthetic,1.0
36.38,0.672,11,32.4,287.95,14,0,42.92,Frustrated,synthetic,1.0
31.12,0.724,8,33.78,125.07,7,4,22.08,Frustrated,synthetic,1.0
10.0,0.291,3,136.08,98.63,10,0,7.11,Normal,synthetic,1.0
61.44,0.501,2,63.02,380.78,4,1,14.95,Addicted,synthetic,1.0
79.27,0.529,5,90.16,128.94,6,4,15.12,Normal,synthetic,1.0
22.35,0.375,5,165.94,113.81,11,0,23.52,Frustrated,synthetic,1.0
30.41,0.167,0,29.8,209.46,3,3,48.01,Addicted,synthetic,1.0
17.17,0.752,4,142.66,224.39,5,2,-40.0,Frustrated,synthetic,1.0
48.69,0.46,6,60.05,229.1,11,1,14.92,Frustrated,synthetic,1.0
10.0,0.13,3,150.43,131.16,9,1,7.91,Normal,synthetic,1.0
36.57,0.125,2,75.31,251.38,9,1,7.96,Addicted,synthetic,1.0
10.0,0.652,9,143.09,233.05,9,4,-36.21,Frustrated,synthetic,1.0
44.29,0.584,7,47.99,161.99,8,0,26.04,Frustrated,synthetic,1.0
62.5,0.217,1,100.65,198.21,4,1,45.11,Addicted,synthetic,1.0
10.0,0.07,0,193.2,172.8,7,4,-4.76,Normal,synthetic,1.0
37.67,0.144,1,217.97,76.81,10,0,1.02,Normal,synthetic,1.0
10.0,0.3,3,8.28,208.33,9,2,53.01,Frustrated,synthetic,1.0
15.73,0.64,4,32.84,125.77,1,3,-14.4,Frustrated,synthetic,1.0
67.08,0.646,5,50.81,30.0,2,1,58.06,Frustrated,synthetic,1.0
32.26,0.181,1,246.81,95.99,11,2,4.36,Normal,synthetic,1.0
31.8,0.819,9,138.87,246.23,9,0,-3.02,Frustrated,synthetic,1.0
93.96,0.401,3,113.72,137.08,6,3,27.6,Addicted,synthetic,1.0
37.2,0.739,6,94.88,279.5,7,3,14.75,Frustrated,synthetic,1.0
21.88,0.64,11,49.61,110.86,14,1,22.35,Frustrated,synthetic,1.0
51.01,0.627,6,79.71,109.92,5,0,31.5,Frustrated,synthetic,1.0
27.51,0.061,0,5.0,253.44,13,3,43.6,Addicted,synthetic,1.0
92.48,0.111,1,103.95,143.28,4,1,37.65,Addicted,synthetic,1.0
47.74,0.433,3,44.48,268.82,4,2,94.2,Addicted,synthetic,1.0
60.53,0.235,2,15.06,341.06,3,2,53.22,Addicted,synthetic,1.0
70.34,0.316,0,25.95,230.65,1,2,39.98,Addicted,synthetic,1.0
28.47,0.46,4,122.26,62.44,8,2,-21.74,Normal,synthetic,1.0
21.3,0.321,6,75.68,61.17,13,3,11.86,Frustrated,synthetic,1.0
26.35,0.911,14,67.2,212.23,12,1,-6.64,Frustrated,synthetic,1.0
54.29,0.357,2,107.69,89.62,5,1,29.78,Normal,synthetic,1.0
15.68,0.275,3,127.61,151.25,9,3,53.65,Normal,synthetic,1.0
30.65,0.05,2,84.42,163.65,6,4,1.46,Normal,synthetic,1.0
17.68,0.238,4,78.59,106.98,4,3,45.39,Frustrated,synthetic,1.0
10.0,0.414,6,54.63,128.77,13,3,65.71,Frustrated,synthetic,1.0
35.02,0.29,2,101.18,127.28,2,3,-3.1,Frustrated,synthetic,1.0
48.33,0.503,1,101.3,141.93,3,4,22.79,Normal,synthetic,1.0
17.06,0.05,0,11.65,60.0,13,0,24.17,Addicted,synthetic,1.0
22.57,0.608,4,39.68,193.72,6,3,-7.19,Frustrated,synthetic,1.0
33.17,0.473,2,75.39,326.21,4,1,61.01,Addicted,synthetic,1.0
26.87,0.856,14,154.26,61.1,13,1,43.07,Frustrated,synthetic,1.0
29.58,0.677,13,39.52,236.99,14,4,-14.54,Frustrated,synthetic,1.0
11.33,0.684,9,27.73,138.78,8,3,76.24,Frustrated,synthetic,1.0
43.48,0.469,5,5.0,90.76,8,3,14.12,Frustrated,synthetic,1.0
37.53,0.585,4,131.9,38.11,6,0,55.34,Frustrated,synthetic,1.0
27.24,0.264,5,90.38,96.42,9,4,37.63,Frustrated,synthetic,1.0
27.34,0.4,2,147.18,253.51,4,3,-2.34,Frustrated,synthetic,1.0
10.0,0.337,5,192.35,36.06,3,3,23.77,Frustrated,synthetic,1.0
36.73,0.525,3,197.19,211.75,4,0,28.57,Normal,synthetic,1.0
33.58,0.25,5,161.48,146.83,14,3,27.85,Normal,synthetic,1.0
50.46,0.617,7,233.41,239.25,10,2,-4.34,Normal,synthetic,1.0
14.43,0.637,9,159.67,112.58,12,0,-14.25,Frustrated,synthetic,1.0
59.77,0.412,3,6.74,313.6,9,1,39.12,Addicted,synthetic,1.0
21.83,0.15,2,33.13,156.58,11,0,50.92,Normal,synthetic,1.0
65.6,0.523,4,184.46,90.96,9,0,19.2,Normal,synthetic,1.0
64.18,0.732,5,75.67,150.81,6,3,25.57,Frustrated,synthetic,1.0
47.25,0.548,10,55.47,262.15,11,2,49.91,Frustrated,synthetic,1.0
59.15,0.486,3,73.03,90.32,6,0,54.57,Frustrated,synthetic,1.0
64.43,0.055,1,115.91,119.76,1,3,40.37,Addicted,synthetic,1.0
56.44,0.058,2,40.33,279.61,12,2,19.31,Addicted,synthetic,1.0
38.43,0.371,3,44.97,176.58,4,2,-0.6,Normal,synthetic,1.0
66.59,0.154,1,108.64,241.91,11,0,71.37,Addicted,synthetic,1.0
74.2,0.099,1,5.0,302.8,1,0,31.38,Addicted,synthetic,1.0
108.74,0.119,0,106.78,206.57,2,2,28.01,Addicted,synthetic,1.0
26.81,0.311,3,64.22,216.53,5,1,-17.43,Frustrated,synthetic,1.0
95.51,0.345,2,21.8,290.75,6,3,-3.75,Addicted,synthetic,1.0
41.8,0.316,4,111.47,126.79,11,4,81.75,Addicted,synthetic,1.0
48.5,0.316,4,54.37,199.36,8,1,-35.0,Normal,synthetic,1.0
23.85,0.261,3,56.11,207.56,4,3,43.32,Addicted,synthetic,1.0
30.21,0.511,8,38.21,192.43,12,4,15.47,Frustrated,synthetic,1.0
54.26,0.531,9,84.89,76.97,14,3,7.89,Normal,synthetic,1.0
15.46,0.775,10,172.32,77.43,14,3,-35.0,Normal,synthetic,1.0
38.66,0.913,13,126.64,45.47,10,1,35.86,Frustrated,synthetic,1.0
44.1,0.368,5,146.82,120.8,14,1,0.13,Normal,synthetic,1.0
60.31,0.425,0,16.01,307.91,1,0,16.64,Addicted,synthetic,1.0
120.85,0.384,2,93.41,297.94,3,0,55.8,Addicted,synthetic,1.0
48.78,0.719,7,102.21,73.15,5,3,-18.98,Frustrated,synthetic,1.0
13.58,0.213,2,102.86,138.06,9,0,6.44,Normal,synthetic,1.0
23.17,0.416,5,141.78,157.95,6,4,64.31,Frustrated,synthetic,1.0
90.0,0.401,4,25.09,77.98,5,3,-13.96,Frustrated,synthetic,1.0
56.91,0.275,2,67.26,184.76,3,2,27.52,Addicted,synthetic,1.0
103.97,0.266,5,41.91,270.31,13,0,30.66,Addicted,synthetic,1.0
46.0,0.747,10,153.09,194.36,12,3,53.94,Frustrated,synthetic,1.0
43.23,0.78,5,66.62,155.16,6,3,-10.1,Normal,synthetic,1.0
56.92,0.319,3,154.62,49.35,6,0,-25.67,Frustrated,synthetic,1.0
53.51,0.291,2,68.25,74.73,1,3,-26.52,Normal,synthetic,1.0
65.05,0.34,4,72.47,110.34,10,4,11.83,Addicted,synthetic,1.0
56.45,0.479,4,29.18,44.02,9,2,25.66,Normal,synthetic,1.0
28.11,0.383,3,66.3,38.05,3,1,15.44,Frustrated,synthetic,1.0
71.57,0.297,2,75.1,169.97,4,4,93.56,Addicted,synthetic,1.0
34.5,0.741,12,127.12,60.0,14,0,13.38,Normal,synthetic,1.0
45.12,0.545,4,251.42,182.38,8,3,13.29,Normal,synthetic,1.0
48.26,0.548,2,123.89,42.07,1,1,-32.41,Normal,synthetic,1.0
19.98,0.838,10,5.0,241.59,11,3,16.96,Frustrated,synthetic,1.0
10.0,0.347,4,199.35,85.18,8,1,23.39,Frustrated,synthetic,1.0
45.83,0.95,6,26.95,30.0,3,3,-7.54,Frustrated,synthetic,1.0
30.24,0.235,3,106.7,30.0,9,1,49.96,Normal,synthetic,1.0
75.6,0.37,3,97.46,191.08,6,2,39.92,Addicted,synthetic,1.0
84.38,0.655,10,25.6,257.06,13,0,57.54,Addicted,synthetic,1.0
44.83,0.845,12,7.66,204.49,12,0,-40.0,Frustrated,synthetic,1.0
38.58,0.197,4,81.5,216.93,13,4,0.59,Addicted,synthetic,1.0
52.63,0.791,5,78.42,156.42,5,0,26.94,Normal,synthetic,1.0
36.44,0.722,10,178.21,202.56,10,3,-33.55,Frustrated,synthetic,1.0
98.02,0.117,3,92.95,144.22,11,4,101.85,Addicted,synthetic,1.0
15.0,0.527,8,39.64,329.19,13,2,55.64,Addicted,synthetic,1.0
18.17,0.164,1,189.64,126.26,6,1,3.41,Normal,synthetic,1.0
44.61,0.165,0,172.41,178.25,3,0,40.19,Normal,synthetic,1.0
61.59,0.252,3,100.89,273.64,7,3,35.94,Addicted,synthetic,1.0
31.24,0.138,2,143.54,184.81,11,4,5.66,Normal,synthetic,1.0
18.77,0.519,6,125.67,181.47,4,4,49.7,Frustrated,synthetic,1.0
30.11,0.298,1,61.69,190.17,3,1,18.23,Addicted,synthetic,1.0
90.0,0.898,7,146.7,70.11,7,3,-0.56,Frustrated,synthetic,1.0
41.38,0.412,7,85.51,207.21,10,4,25.8,Frustrated,synthetic,1.0
45.57,0.594,5,127.33,30.0,6,4,21.86,Normal,synthetic,1.0
40.58,0.502,6,9.2,236.51,10,3,8.76,Frustrated,synthetic,1.0
10.0,0.548,9,167.83,99.02,14,2,12.68,Frustrated,synthetic,1.0
12.07,0.266,2,123.17,50.62,6,0,34.77,Normal,synthetic,1.0
49.44,0.253,3,55.56,30.0,6,2,-22.38,Normal,synthetic,1.0
57.89,0.182,0,84.71,378.58,1,0,-20.0,Addicted,synthetic,1.0
78.83,0.347,3,116.56,171.63,11,2,33.85,Addicted,synthetic,1.0
41.53,0.174,2,59.65,293.22,10,0,-8.85,Addicted,synthetic,1.0
31.72,0.567,5,146.75,169.14,10,3,20.64,Normal,synthetic,1.0
19.15,0.281,1,181.78,225.92,2,2,-23.45,Normal,synthetic,1.0
34.75,0.775,12,5.0,64.31,13,0,-26.32,Frustrated,synthetic,1.0
15.0,0.019,0,34.88,328.93,6,1,36.0,Addicted,synthetic,1.0
14.51,0.495,4,107.06,121.3,8,4,21.72,Normal,synthetic,1.0
43.41,0.055,2,5.0,367.26,10,0,-4.59,Addicted,synthetic,1.0
10.0,0.669,10,136.78,125.66,12,4,3.65,Frustrated,synthetic,1.0
15.0,0.18,1,32.17,113.45,11,3,95.39,Addicted,synthetic,1.0
43.05,0.68,6,167.11,170.23,10,3,10.41,Normal,synthetic,1.0
63.05,0.178,1,5.0,341.23,3,3,63.43,Addicted,synthetic,1.0
30.58,0.318,5,66.83,189.02,14,0,103.72,Addicted,synthetic,1.0
35.0,0.582,5,81.47,50.08,8,4,1.15,Frustrated,synthetic,1.0
53.41,0.723,11,144.61,57.91,14,2,4.79,Normal,synthetic,1.0
32.94,0.374,2,130.2,105.04,3,0,18.61,Frustrated,synthetic,1.0
39.81,0.129,2,74.11,31.07,2,2,-3.33,Normal,synthetic,1.0
43.43,0.202,4,82.87,163.86,11,0,34.87,Addicted,synthetic,1.0
81.81,0.288,3,5.0,246.56,4,2,37.74,Addicted,synthetic,1.0
67.76,0.087,1,111.7,86.98,5,1,13.8,Addicted,synthetic,1.0
39.52,0.141,1,163.36,140.18,10,2,-31.65,Normal,synthetic,1.0
10.0,0.565,4,17.85,147.27,2,1,56.68,Frustrated,synthetic,1.0
34.68,0.315,4,46.48,122.89,14,2,17.05,Normal,synthetic,1.0
34.9,0.683,5,201.85,30.0,3,1,57.13,Frustrated,synthetic,1.0
36.83,0.281,3,95.58,168.14,3,0,13.0,Frustrated,synthetic,1.0
10.0,0.617,6,126.63,108.54,7,1,20.46,Normal,synthetic,1.0
26.59,0.646,3,141.13,189.93,4,4,15.56,Normal,synthetic,1.0
40.46,0.741,10,191.0,164.31,14,1,-23.38,Normal,synthetic,1.0
61.97,0.212,2,146.67,117.23,3,1,19.38,Normal,synthetic,1.0
51.03,0.585,9,55.85,97.73,13,1,7.46,Frustrated,synthetic,1.0
111.45,0.383,5,81.93,193.63,13,3,-10.34,Addicted,synthetic,1.0
10.0,0.262,5,203.29,154.38,14,4,12.28,Normal,synthetic,1.0
42.55,0.452,2,131.03,140.32,3,3,21.09,Normal,synthetic,1.0
64.25,0.834,3,84.89,38.54,1,0,6.61,Frustrated,synthetic,1.0
60.54,0.455,5,60.95,181.05,9,2,-1.14,Normal,synthetic,1.0
48.34,0.762,5,81.76,197.83,5,3,43.02,Normal,synthetic,1.0
41.42,0.205,1,19.38,123.01,1,1,12.99,Addicted,synthetic,1.0
10.0,0.681,6,45.46,127.08,7,2,45.48,Normal,synthetic,1.0
10.0,0.505,6,147.3,90.89,10,1,-25.02,Normal,synthetic,1.0
53.41,0.838,9,127.78,170.92,6,2,-39.66,Frustrated,synthetic,1.0
17.32,0.731,6,79.86,104.3,3,0,-18.29,Frustrated,synthetic,1.0
49.4,0.266,1,72.2,373.03,2,2,7.09,Addicted,synthetic,1.0
46.87,0.568,10,237.59,204.05,11,4,-34.3,Frustrated,synthetic,1.0
100.72,0.253,3,5.0,218.01,14,2,-16.28,Addicted,synthetic,1.0
93.39,0.318,2,5.0,215.95,8,1,39.04,Addicted,synthetic,1.0
15.83,0.07,0,147.45,76.12,9,0,-4.38,Normal,synthetic,1.0
55.09,0.246,3,7.25,316.71,10,2,73.22,Addicted,synthetic,1.0
38.14,0.237,2,199.79,64.96,7,1,1.45,Normal,synthetic,1.0
58.24,0.719,6,165.14,185.9,5,3,-40.0,Frustrated,synthetic,1.0
72.97,0.388,6,79.11,240.15,13,0,57.35,Addicted,synthetic,1.0
10.0,0.521,9,91.16,147.65,10,0,24.26,Frustrated,synthetic,1.0
13.9,0.566,6,46.61,55.28,5,2,9.93,Frustrated,synthetic,1.0
128.07,0.308,1,5.0,228.53,1,0,32.3,Addicted,synthetic,1.0
37.03,0.405,2,127.7,124.15,3,1,3.3,Normal,synthetic,1.0
44.18,0.433,3,37.7,334.86,7,3,-1.62,Addicted,synthetic,1.0
27.39,0.471,7,159.37,134.1,12,0,10.64,Normal,synthetic,1.0
84.71,0.274,4,47.85,194.35,12,4,18.59,Addicted,synthetic,1.0
25.8,0.533,6,185.29,169.96,8,1,-6.07,Normal,synthetic,1.0
64.45,0.4,7,67.0,117.77,13,4,35.23,Frustrated,synthetic,1.0
28.82,0.416,6,5.0,111.22,6,0,-13.27,Frustrated,synthetic,1.0
41.94,0.752,12,72.91,239.6,11,0,17.04,Frustrated,synthetic,1.0
51.28,0.648,7,109.11,84.38,7,2,1.16,Frustrated,synthetic,1.0
17.27,0.366,5,181.27,102.22,12,3,-9.33,Normal,synthetic,1.0
38.87,0.05,2,195.82,146.67,13,1,7.46,Normal,synthetic,1.0
113.74,0.117,0,23.05,172.42,1,2,104.17,Addicted,synthetic,1.0
56.68,0.317,4,122.77,121.88,9,2,48.83,Normal,synthetic,1.0
61.46,0.464,3,129.1,272.2,3,1,-0.0,Addicted,synthetic,1.0
88.43,0.404,0,65.89,348.58,1,2,69.5,Addicted,synthetic,1.0
24.29,0.219,3,160.56,120.89,8,0,9.24,Normal,synthetic,1.0
11.6,0.564,3,56.27,30.0,5,2,-40.0,Frustrated,synthetic,1.0
29.69,0.796,2,129.03,120.59,1,1,32.43,Frustrated,synthetic,1.0
37.37,0.418,4,72.8,89.56,8,1,27.47,Normal,synthetic,1.0
51.44,0.639,5,125.15,315.84,7,1,17.13,Addicted,synthetic,1.0
81.04,0.351,4,152.15,312.41,14,1,52.94,Addicted,synthetic,1.0
122.54,0.156,1,21.99,248.12,11,3,-9.43,Addicted,synthetic,1.0
66.39,0.332,3,104.06,192.15,11,1,67.85,Addicted,synthetic,1.0
36.0,0.024,2,93.6,282.33,8,0,74.13,Addicted,synthetic,1.0
15.84,0.771,8,126.13,142.1,9,2,0.29,Frustrated,synthetic,1.0
28.43,0.417,9,117.09,96.39,13,3,-5.46,Frustrated,synthetic,1.0
65.05,0.412,5,159.73,131.45,10,1,-26.9,Normal,synthetic,1.0
25.76,0.671,3,91.86,135.43,2,1,-18.04,Frustrated,synthetic,1.0
45.38,0.46,1,82.76,110.8,2,1,-5.5,Frustrated,synthetic,1.0
64.15,0.125,1,108.05,192.13,4,3,-1.62,Normal,synthetic,1.0
37.92,0.203,2,68.32,220.74,10,4,74.45,Addicted,synthetic,1.0
48.28,0.799,8,62.17,123.96,7,2,42.34,Frustrated,synthetic,1.0
61.07,0.524,4,65.31,70.76,6,1,16.72,Frustrated,synthetic,1.0
12.12,0.353,2,123.77,144.05,4,4,52.17,Frustrated,synthetic,1.0
32.58,0.132,1,174.92,114.24,9,4,-8.44,Normal,synthetic,1.0
51.77,0.099,0,63.72,142.36,3,3,15.33,Normal,synthetic,1.0
29.63,0.794,5,8.29,190.52,5,0,7.87,Frustrated,synthetic,1.0
98.33,0.185,4,45.41,183.73,14,2,82.45,Addicted,synthetic,1.0
15.61,0.693,10,250.93,80.5,9,3,41.2,Frustrated,synthetic,1.0
10.0,0.228,2,121.97,192.06,2,4,17.42,Frustrated,synthetic,1.0
44.33,0.728,9,35.29,196.64,7,2,19.86,Frustrated,synthetic,1.0
32.05,0.364,5,129.48,147.99,10,1,17.72,Normal,synthetic,1.0
26.32,0.203,2,38.2,348.04,8,0,5.99,Addicted,synthetic,1.0
38.27,0.721,7,196.19,165.08,8,4,-40.0,Frustrated,synthetic,1.0
41.84,0.573,5,199.25,99.5,7,4,27.62,Normal,synthetic,1.0
15.54,0.198,2,5.0,194.62,9,0,51.19,Addicted,synthetic,1.0
48.31,0.833,5,160.33,185.79,6,1,-20.46,Normal,synthetic,1.0
69.34,0.48,8,87.18,354.47,14,2,15.26,Addicted,synthetic,1.0
43.28,0.18,2,47.4,212.51,10,3,55.23,Addicted,synthetic,1.0
10.0,0.751,7,115.65,165.35,4,2,49.03,Frustrated,synthetic,1.0
61.23,0.27,4,131.23,291.14,10,0,47.3,Addicted,synthetic,1.0
15.77,0.823,7,155.88,122.47,8,0,-13.0,Normal,synthetic,1.0
52.29,0.894,3,141.05,58.11,3,2,43.72,Frustrated,synthetic,1.0
10.2,0.857,8,135.84,145.34,7,3,-26.81,Frustrated,synthetic,1.0
45.63,0.698,5,127.15,175.5,7,2,-9.17,Frustrated,synthetic,1.0
45.03,0.194,2,210.66,149.59,1,0,-3.61,Normal,synthetic,1.0
10.0,0.431,2,149.55,108.61,3,2,55.85,Frustrated,synthetic,1.0
75.77,0.37,5,28.33,176.95,11,0,17.83,Addicted,synthetic,1.0
72.88,0.359,5,214.32,202.12,11,1,9.45,Normal,synthetic,1.0
65.79,0.388,1,53.79,203.33,1,4,76.19,Addicted,synthetic,1.0
10.0,0.432,3,228.0,225.45,6,1,6.92,Frustrated,synthetic,1.0
22.41,0.894,9,68.33,310.09,8,0,30.83,Frustrated,synthetic,1.0
43.02,0.242,1,7.73,242.43,2,0,-13.64,Addicted,synthetic,1.0
130.0,0.257,2,91.38,157.07,5,2,5.2,Addicted,synthetic,1.0
10.0,0.218,4,172.14,90.69,10,3,-1.13,Normal,synthetic,1.0
39.75,0.345,2,156.56,65.39,5,4,34.97,Normal,synthetic,1.0
26.76,0.551,6,5.0,106.77,9,2,28.28,Frustrated,synthetic,1.0
10.0,0.271,3,195.8,102.87,7,3,-14.55,Normal,synthetic,1.0
14.25,0.468,6,78.2,267.45,8,2,16.79,Frustrated,synthetic,1.0
46.22,0.782,3,40.21,104.09,2,2,-12.93,Normal,synthetic,1.0
45.68,0.388,3,76.19,127.16,10,4,58.65,Addicted,synthetic,1.0
54.83,0.639,9,28.19,134.1,13,2,53.51,Addicted,synthetic,1.0
35.53,0.321,5,93.59,183.42,14,3,-0.64,Normal,synthetic,1.0
48.54,0.511,8,157.99,120.82,12,3,7.27,Normal,synthetic,1.0
52.42,0.623,5,136.9,70.45,5,1,15.21,Frustrated,synthetic,1.0
10.0,0.643,4,191.11,84.74,7,2,21.72,Normal,synthetic,1.0
25.96,0.535,10,5.46,179.28,12,2,59.58,Frustrated,synthetic,1.0
66.35,0.189,3,134.73,126.61,9,0,116.64,Addicted,synthetic,1.0
22.29,0.186,2,63.18,228.05,1,0,82.07,Addicted,synthetic,1.0
45.03,0.35,1,78.63,153.57,1,3,7.85,Normal,synthetic,1.0
37.32,0.251,4,203.43,224.99,8,4,9.41,Normal,synthetic,1.0
27.4,0.394,1,44.02,69.36,1,2,8.37,Normal,synthetic,1.0
43.57,0.346,3,121.39,181.19,10,2,15.58,Addicted,synthetic,1.0
25.92,0.431,2,5.0,189.66,2,3,79.95,Addicted,synthetic,1.0
60.01,0.331,3,35.34,67.23,9,4,40.89,Addicted,synthetic,1.0
93.9,0.28,4,72.12,288.19,14,0,-7.9,Addicted,synthetic,1.0
27.96,0.734,10,117.86,143.07,11,4,7.83,Frustrated,synthetic,1.0
28.99,0.675,8,89.52,93.71,9,2,12.86,Frustrated,synthetic,1.0
77.16,0.64,2,41.87,161.1,3,1,65.94,Addicted,synthetic,1.0
27.97,0.72,7,46.23,64.66,9,1,-30.02,Frustrated,synthetic,1.0
33.87,0.609,5,141.29,93.06,2,0,-22.12,Frustrated,synthetic,1.0
77.46,0.383,4,61.28,158.35,12,1,33.99,Addicted,synthetic,1.0
21.24,0.345,5,156.42,159.27,7,2,-17.0,Frustrated,synthetic,1.0
10.0,0.484,5,45.59,164.37,6,1,60.43,Frustrated,synthetic,1.0
26.2,0.805,11,90.81,113.3,13,3,11.96,Frustrated,synthetic,1.0
85.79,0.505,2,52.93,159.36,3,3,3.5,Addicted,synthetic,1.0
41.26,0.332,5,115.81,134.21,13,4,-2.97,Normal,synthetic,1.0
53.96,0.356,5,239.16,220.99,12,3,1.43,Frustrated,synthetic,1.0
44.05,0.112,2,35.93,96.12,10,2,83.63,Addicted,synthetic,1.0
76.74,0.285,3,10.71,155.41,9,2,52.83,Addicted,synthetic,1.0
38.21,0.45,5,186.4,93.83,8,3,4.87,Frustrated,synthetic,1.0
51.98,0.15,1,165.03,100.39,11,2,-10.7,Normal,synthetic,1.0
25.72,0.274,2,60.55,147.04,1,1,-1.76,Normal,synthetic,1.0
13.59,0.754,9,137.42,72.69,7,0,49.55,Frustrated,synthetic,1.0
46.22,0.451,8,152.22,30.0,10,4,46.68,Frustrated,synthetic,1.0
29.04,0.754,13,30.42,111.22,13,0,40.53,Frustrated,synthetic,1.0
38.77,0.077,0,185.22,275.24,12,4,28.9,Normal,synthetic,1.0
22.18,0.787,9,186.27,83.87,11,1,54.38,Frustrated,synthetic,1.0
96.32,0.141,1,56.95,174.33,3,4,74.88,Addicted,synthetic,1.0
82.76,0.105,3,79.72,65.73,14,4,38.96,Addicted,synthetic,1.0
92.95,0.244,4,35.45,200.11,13,2,-7.54,Addicted,synthetic,1.0
75.82,0.22,2,53.77,60.0,3,0,-20.0,Addicted,synthetic,1.0
41.41,0.605,6,78.48,109.6,9,4,-16.84,Normal,synthetic,1.0
73.95,0.078,2,65.59,201.85,4,1,-20.0,Addicted,synthetic,1.0
23.89,0.675,5,158.94,176.15,6,4,33.38,Frustrated,synthetic,1.0
10.0,0.627,8,149.46,101.07,14,0,9.13,Normal,synthetic,1.0
10.0,0.596,4,240.09,64.56,7,2,11.16,Normal,synthetic,1.0
91.12,0.274,2,72.01,333.61,1,1,101.18,Addicted,synthetic,1.0
10.14,0.192,2,170.24,30.0,11,2,0.53,Normal,synthetic,1.0
31.34,0.544,4,269.74,97.34,6,3,-7.33,Normal,synthetic,1.0
25.47,0.267,1,120.67,300.94,3,3,88.48,Addicted,synthetic,1.0
57.92,0.348,0,101.68,187.4,1,1,62.71,Addicted,synthetic,1.0
10.0,0.463,6,105.83,241.91,6,3,-18.14,Frustrated,synthetic,1.0
75.18,0.119,1,87.81,127.27,6,1,85.89,Addicted,synthetic,1.0
17.41,0.245,4,234.61,199.38,12,1,37.08,Normal,synthetic,1.0
21.05,0.232,2,18.2,204.84,6,3,130.0,Addicted,synthetic,1.0
47.57,0.477,6,165.85,188.27,10,0,-24.37,Normal,synthetic,1.0
25.58,0.712,10,16.72,118.09,10,0,48.52,Frustrated,synthetic,1.0
111.71,0.334,4,108.6,315.4,8,0,46.3,Addicted,synthetic,1.0
28.36,0.327,4,187.67,194.95,10,0,-35.0,Normal,synthetic,1.0
25.45,0.308,2,171.27,146.07,7,4,-35.0,Normal,synthetic,1.0
21.0,0.526,2,61.9,157.05,5,1,48.71,Normal,synthetic,1.0
116.15,0.381,6,5.0,268.09,12,1,-1.6,Addicted,synthetic,1.0
59.46,0.37,1,10.0,227.86,5,0,20.12,Normal,synthetic,1.0
47.0,0.29,2,44.37,201.29,5,3,7.29,Normal,synthetic,1.0
16.19,0.23,6,114.04,121.95,13,0,4.49,Frustrated,synthetic,1.0
81.31,0.402,4,5.0,407.46,12,2,16.04,Addicted,synthetic,1.0
13.61,0.55,4,133.61,219.41,6,0,16.5,Frustrated,synthetic,1.0
13.85,0.779,7,84.29,103.57,7,4,43.15,Frustrated,synthetic,1.0
65.17,0.307,2,26.82,265.93,9,1,48.74,Addicted,synthetic,1.0
60.63,0.245,3,56.11,465.27,13,3,63.48,Addicted,synthetic,1.0
88.72,0.149,2,189.48,132.99,7,4,90.13,Addicted,synthetic,1.0
87.26,0.288,5,58.43,189.83,13,3,60.83,Addicted,synthetic,1.0
85.8,0.636,10,53.35,82.22,11,1,6.46,Frustrated,synthetic,1.0
19.86,0.685,9,95.66,126.58,11,1,20.72,Normal,synthetic,1.0
19.64,0.463,10,155.77,224.78,13,1,-40.0,Frustrated,synthetic,1.0
26.09,0.57,2,56.22,113.37,1,4,3.24,Frustrated,synthetic,1.0
66.5,0.072,1,120.85,128.67,2,0,67.36,Addicted,synthetic,1.0
61.54,0.474,3,89.39,164.29,4,2,19.64,Normal,synthetic,1.0
78.47,0.344,4,86.67,259.16,8,2,103.05,Addicted,synthetic,1.0
21.3,0.18,1,68.17,278.96,5,2,12.23,Addicted,synthetic,1.0
34.58,0.619,2,182.93,163.09,4,1,21.07,Normal,synthetic,1.0
80.05,0.662,6,97.59,183.92,8,2,18.08,Normal,synthetic,1.0
48.57,0.426,1,144.94,30.0,1,0,19.02,Frustrated,synthetic,1.0
20.56,0.1,5,93.6,30.0,13,2,11.76,Frustrated,synthetic,1.0
43.54,0.7,2,112.35,93.23,4,0,6.22,Addicted,synthetic,1.0
33.62,0.233,0,37.49,258.3,1,3,77.05,Addicted,synthetic,1.0
13.81,0.254,3,148.54,146.71,11,3,-35.0,Normal,synthetic,1.0
42.04,0.157,1,165.79,66.03,9,2,4.66,Normal,synthetic,1.0
45.06,0.534,7,35.96,159.2,14,3,-35.0,Normal,synthetic,1.0
36.5,0.227,1,143.95,31.08,5,4,16.84,Normal,synthetic,1.0
48.9,0.527,8,10.0,95.78,12,4,-19.89,Normal,synthetic,1.0
34.3,0.403,3,126.42,177.39,2,3,43.7,Frustrated,synthetic,1.0
94.87,0.24,5,54.64,204.32,14,4,3.42,Addicted,synthetic,1.0
10.0,0.439,3,122.41,50.7,4,4,44.69,Frustrated,synthetic,1.0
15.82,0.341,2,128.04,135.52,4,2,11.69,Normal,synthetic,1.0
65.28,0.114,1,64.38,259.05,13,0,46.14,Addicted,synthetic,1.0
43.78,0.294,1,221.02,30.0,1,2,26.1,Normal,synthetic,1.0
45.92,0.408,7,90.68,179.86,13,0,-12.7,Frustrated,synthetic,1.0
42.78,0.377,7,151.97,99.55,12,3,-11.25,Frustrated,synthetic,1.0
10.0,0.323,2,6.12,77.55,1,3,12.76,Frustrated,synthetic,1.0
26.27,0.24,4,75.21,146.46,9,2,-10.0,Normal,synthetic,1.0
10.0,0.489,9,30.62,77.87,11,1,-16.13,Frustrated,synthetic,1.0
50.01,0.286,0,80.29,193.78,3,1,5.8,Normal,synthetic,1.0
56.64,0.54,6,29.94,101.39,7,4,51.54,Frustrated,synthetic,1.0
10.0,0.539,2,106.13,188.64,3,4,3.99,Normal,synthetic,1.0
45.85,0.517,2,169.33,148.98,1,4,41.47,Normal,synthetic,1.0
92.24,0.074,2,13.66,227.54,7,3,63.56,Addicted,synthetic,1.0
38.71,0.744,12,132.59,151.26,14,3,33.83,Normal,synthetic,1.0
37.5,0.598,6,72.77,133.21,5,0,17.15,Frustrated,synthetic,1.0
26.8,0.251,0,170.21,96.23,1,4,8.55,Normal,synthetic,1.0
31.8,0.386,3,158.42,118.82,4,0,-16.67,Frustrated,synthetic,1.0
37.3,0.31,4,107.13,186.19,7,0,35.22,Normal,synthetic,1.0
40.13,0.146,1,162.38,112.32,1,1,24.59,Normal,synthetic,1.0
65.59,0.132,2,89.2,192.22,2,4,128.44,Addicted,synthetic,1.0
38.42,0.168,0,173.64,160.21,3,0,-4.42,Normal,synthetic,1.0
55.48,0.151,1,134.68,277.85,5,0,-20.0,Addicted,synthetic,1.0
21.92,0.034,2,116.83,173.41,2,1,110.71,Addicted,synthetic,1.0
36.27,0.688,11,99.43,204.8,14,4,27.0,Frustrated,synthetic,1.0
31.85,0.459,5,97.29,113.11,5,3,0.72,Frustrated,synthetic,1.0
33.37,0.135,2,179.1,156.51,6,1,45.51,Normal,synthetic,1.0
86.1,0.102,1,42.24,147.29,14,4,26.0,Addicted,synthetic,1.0
16.32,0.204,3,5.0,93.7,6,0,43.31,Addicted,synthetic,1.0
11.08,0.428,3,193.55,180.43,5,0,37.71,Normal,synthetic,1.0
40.72,0.7,8,134.17,144.48,12,3,13.12,Normal,synthetic,1.0
15.0,0.296,3,5.0,286.92,5,1,14.99,Addicted,synthetic,1.0
24.0,0.447,7,124.78,30.31,7,4,39.97,Frustrated,synthetic,1.0
30.15,0.22,3,230.06,228.88,12,1,7.95,Normal,synthetic,1.0
54.17,0.278,2,134.25,168.64,10,1,-22.06,Normal,synthetic,1.0
57.52,0.4,3,111.7,220.97,6,3,-8.77,Normal,synthetic,1.0
58.47,0.162,1,123.93,125.02,10,1,13.0,Addicted,synthetic,1.0
62.53,0.585,10,173.16,119.17,12,2,26.04,Frustrated,synthetic,1.0
15.8,0.718,3,162.04,110.98,5,1,-27.02,Normal,synthetic,1.0
25.72,0.349,6,173.64,137.39,8,1,-14.29,Frustrated,synthetic,1.0
40.62,0.39,4,145.36,205.33,10,3,-14.74,Normal,synthetic,1.0
15.0,0.263,1,43.43,158.76,1,1,32.67,Addicted,synthetic,1.0
38.69,0.774,3,156.1,119.97,5,3,4.74,Normal,synthetic,1.0
10.0,0.592,1,35.28,30.0,1,2,62.52,Normal,synthetic,1.0
51.65,0.411,4,73.04,238.77,6,0,99.49,Addicted,synthetic,1.0
47.57,0.313,0,179.73,125.92,3,0,29.19,Normal,synthetic,1.0
52.72,0.61,5,132.33,237.46,2,1,21.41,Frustrated,synthetic,1.0
43.18,0.099,0,128.15,161.31,1,3,-35.0,Normal,synthetic,1.0
45.8,0.181,1,155.94,55.61,2,0,-0.56,Normal,synthetic,1.0
38.46,0.234,2,155.96,91.79,8,3,6.9,Normal,synthetic,1.0
122.68,0.409,4,109.78,419.18,12,4,57.71,Addicted,synthetic,1.0
14.64,0.176,2,138.57,42.83,4,2,-13.28,Normal,synthetic,1.0
33.4,0.595,4,127.13,92.59,5,0,-13.9,Normal,synthetic,1.0
43.17,0.643,2,106.55,166.22,3,3,17.58,Addicted,synthetic,1.0
24.61,0.766,9,134.86,137.78,11,1,50.8,Normal,synthetic,1.0
23.27,0.467,5,225.93,127.96,10,2,-6.21,Normal,synthetic,1.0
40.76,0.58,5,22.84,324.35,9,2,20.38,Addicted,synthetic,1.0
10.0,0.384,5,5.0,84.72,5,2,-40.0,Frustrated,synthetic,1.0
24.09,0.114,0,118.67,63.59,2,4,13.07,Normal,synthetic,1.0
65.18,0.622,4,5.0,100.46,5,1,35.75,Frustrated,synthetic,1.0
16.19,0.05,2,98.94,104.63,5,1,15.73,Normal,synthetic,1.0
36.21,0.16,1,101.85,404.62,8,2,28.49,Addicted,synthetic,1.0
34.94,0.778,9,150.18,212.63,11,2,0.79,Normal,synthetic,1.0
36.2,0.212,2,44.85,357.68,6,3,29.37,Addicted,synthetic,1.0
12.89,0.548,10,77.56,175.56,13,2,30.11,Frustrated,synthetic,1.0
79.22,0.149,1,80.47,331.94,5,3,16.52,Addicted,synthetic,1.0
35.6,0.067,1,227.06,93.3,11,2,-35.0,Normal,synthetic,1.0
13.93,0.235,1,215.08,139.6,7,4,6.85,Normal,synthetic,1.0
25.56,0.417,7,104.75,314.82,14,4,-20.0,Addicted,synthetic,1.0
74.01,0.232,3,119.48,289.44,11,4,79.15,Addicted,synthetic,1.0
91.36,0.06,0,5.0,373.28,11,3,7.3,Addicted,synthetic,1.0
65.54,0.187,2,70.74,324.83,9,4,-20.0,Addicted,synthetic,1.0
15.0,0.451,7,54.86,285.49,14,4,14.36,Addicted,synthetic,1.0
85.01,0.44,4,25.34,365.32,7,0,16.53,Addicted,synthetic,1.0
54.86,0.563,5,56.29,136.17,2,3,50.27,Frustrated,synthetic,1.0
35.12,0.376,7,21.98,43.83,14,3,-40.0,Frustrated,synthetic,1.0
15.65,0.213,2,146.8,61.92,7,4,2.42,Normal,synthetic,1.0
59.35,0.174,3,10.0,143.06,6,4,-7.91,Normal,synthetic,1.0
37.33,0.225,3,34.89,133.11,14,4,13.56,Normal,synthetic,1.0
65.14,0.369,2,129.21,77.58,5,4,-35.0,Normal,synthetic,1.0
54.36,0.693,2,76.86,118.28,2,2,41.04,Frustrated,synthetic,1.0
37.51,0.696,6,166.18,137.29,8,1,-35.0,Normal,synthetic,1.0
61.86,0.484,4,101.79,226.26,6,0,3.24,Normal,synthetic,1.0
59.51,0.595,10,91.87,163.6,11,2,-40.0,Frustrated,synthetic,1.0
59.53,0.505,8,5.0,172.98,13,3,48.96,Frustrated,synthetic,1.0
19.62,0.035,1,26.58,101.15,8,3,38.8,Addicted,synthetic,1.0
60.56,0.268,2,51.81,192.14,1,3,25.03,Addicted,synthetic,1.0
15.84,0.291,5,74.28,131.32,13,0,34.63,Normal,synthetic,1.0
75.43,0.373,2,100.46,299.15,1,4,-18.87,Addicted,synthetic,1.0
53.6,0.149,0,147.43,88.24,2,1,11.92,Normal,synthetic,1.0
38.7,0.686,5,169.22,191.14,4,1,39.99,Frustrated,synthetic,1.0
10.0,0.62,5,182.48,30.0,7,1,-35.0,Normal,synthetic,1.0
10.0,0.355,2,160.94,168.73,5,0,-0.42,Frustrated,synthetic,1.0
63.94,0.423,3,92.03,44.51,6,2,41.8,Normal,synthetic,1.0
31.49,0.463,7,28.04,71.17,14,3,22.56,Frustrated,synthetic,1.0
17.6,0.496,5,287.43,30.0,9,3,45.48,Normal,synthetic,1.0
34.18,0.387,2,197.3,176.8,5,1,24.8,Normal,synthetic,1.0
39.6,0.69,5,145.35,225.8,8,2,-21.16,Normal,synthetic,1.0
46.31,0.251,1,69.25,309.57,6,4,24.77,Addicted,synthetic,1.0
59.87,0.387,3,5.0,276.27,10,3,74.15,Addicted,synthetic,1.0
15.23,0.747,6,183.34,305.58,7,2,-8.81,Frustrated,synthetic,1.0
83.53,0.423,7,83.33,60.0,14,4,42.98,Addicted,synthetic,1.0
103.65,0.562,6,45.75,307.84,12,0,57.45,Addicted,synthetic,1.0
14.63,0.552,7,237.17,30.0,11,3,52.64,Frustrated,synthetic,1.0
32.72,0.785,6,194.86,128.43,7,4,40.59,Frustrated,synthetic,1.0
52.43,0.62,10,5.0,222.6,14,4,87.11,Addicted,synthetic,1.0
45.52,0.356,4,148.87,181.46,3,2,15.74,Frustrated,synthetic,1.0
18.15,0.213,4,122.4,216.19,14,4,50.94,Normal,synthetic,1.0
37.83,0.618,4,53.45,122.5,1,1,-32.47,Frustrated,synthetic,1.0
42.82,0.8,5,9.4,30.0,2,1,25.67,Frustrated,synthetic,1.0
10.0,0.31,5,92.4,188.4,8,2,37.18,Frustrated,synthetic,1.0
38.75,0.816,10,151.65,44.28,11,4,73.53,Frustrated,synthetic,1.0
10.0,0.484,3,219.06,175.43,7,1,3.6,Normal,synthetic,1.0
27.98,0.783,3,45.98,30.0,1,1,-40.0,Frustrated,synthetic,1.0
37.83,0.215,2,91.58,55.01,10,4,29.39,Normal,synthetic,1.0
41.19,0.763,6,81.82,268.54,3,4,28.91,Frustrated,synthetic,1.0
32.64,0.381,4,10.0,157.6,12,4,-3.94,Normal,synthetic,1.0
38.12,0.812,6,75.77,209.29,4,4,9.83,Frustrated,synthetic,1.0
52.85,0.084,2,172.69,86.84,5,1,-21.53,Normal,synthetic,1.0
28.23,0.287,3,139.14,100.85,7,1,2.42,Normal,synthetic,1.0
28.41,0.522,4,192.97,112.44,8,4,25.9,Normal,synthetic,1.0
10.0,0.602,4,65.21,30.0,5,2,-17.18,Frustrated,synthetic,1.0
54.22,0.213,1,42.64,233.72,5,1,12.37,Addicted,synthetic,1.0
21.75,0.352,8,99.33,83.97,12,2,-1.25,Frustrated,synthetic,1.0
55.76,0.318,4,192.49,37.44,7,3,16.72,Normal,synthetic,1.0
55.0,0.247,1,166.92,67.15,1,1,-16.43,Normal,synthetic,1.0
34.49,0.432,5,128.11,41.41,8,2,-40.0,Frustrated,synthetic,1.0
37.43,0.293,5,142.25,141.91,13,0,21.06,Frustrated,synthetic,1.0
36.2,0.089,1,5.0,330.12,12,0,38.54,Addicted,synthetic,1.0
64.22,0.231,4,95.67,136.86,11,0,-3.16,Normal,synthetic,1.0
10.0,0.612,3,176.22,274.0,4,0,32.77,Normal,synthetic,1.0
51.47,0.732,1,153.06,200.02,1,3,10.43,Normal,synthetic,1.0
31.79,0.566,6,140.57,99.05,9,3,-13.52,Normal,synthetic,1.0
121.35,0.355,4,177.87,334.37,10,2,67.86,Addicted,synthetic,1.0
25.0,0.276,3,105.46,111.89,3,3,-8.73,Frustrated,synthetic,1.0
87.27,0.289,4,93.34,223.69,10,3,-4.01,Addicted,synthetic,1.0
34.41,0.651,3,169.81,152.73,2,2,-0.56,Frustrated,synthetic,1.0
34.13,0.863,3,280.0,135.36,2,4,-11.24,Frustrated,synthetic,1.0
58.83,0.59,5,98.98,157.56,9,3,14.23,Normal,synthetic,1.0
10.0,0.666,6,5.0,211.58,7,1,18.65,Frustrated,synthetic,1.0
32.55,0.165,1,43.31,77.66,11,2,27.34,Addicted,synthetic,1.0
24.5,0.273,2,5.0,182.56,11,3,10.83,Addicted,synthetic,1.0
45.41,0.527,3,103.5,67.31,3,2,-5.94,Frustrated,synthetic,1.0
50.16,0.042,1,52.48,392.51,10,4,-2.81,Addicted,synthetic,1.0
16.66,0.723,0,122.67,87.45,1,2,57.08,Normal,synthetic,1.0
40.18,0.63,5,77.34,95.91,7,2,-31.82,Frustrated,synthetic,1.0
71.61,0.404,4,107.53,148.48,7,0,-22.98,Frustrated,synthetic,1.0
27.11,0.195,6,115.74,39.47,11,4,56.26,Frustrated,synthetic,1.0
10.0,0.535,6,49.93,209.25,11,1,14.95,Frustrated,synthetic,1.0
10.0,0.224,0,71.45,101.45,3,1,28.7,Normal,synthetic,1.0
47.19,0.187,3,83.77,263.57,7,0,25.27,Normal,synthetic,1.0
10.0,0.583,2,68.77,177.01,1,4,62.02,Frustrated,synthetic,1.0
40.21,0.384,2,169.06,55.73,1,1,41.76,Normal,synthetic,1.0
61.4,0.003,2,30.67,343.14,7,2,29.16,Addicted,synthetic,1.0
119.48,0.607,4,87.19,139.5,8,3,69.44,Addicted,synthetic,1.0
57.18,0.703,10,70.55,89.19,12,3,7.38,Normal,synthetic,1.0
52.47,0.323,5,105.88,359.83,10,1,28.89,Addicted,synthetic,1.0
35.86,0.454,5,188.04,131.03,13,2,0.72,Normal,synthetic,1.0
10.0,0.215,1,160.53,66.75,6,3,-0.15,Normal,synthetic,1.0
51.11,0.259,4,138.8,37.38,10,1,0.54,Normal,synthetic,1.0
37.95,0.572,6,295.58,126.02,9,2,10.48,Normal,synthetic,1.0
103.96,0.104,0,76.99,337.01,3,2,19.09,Addicted,synthetic,1.0
54.61,0.374,3,5.0,211.64,8,0,12.74,Addicted,synthetic,1.0
41.28,0.405,3,20.04,50.44,5,1,42.15,Normal,synthetic,1.0
52.9,0.09,1,111.74,145.7,9,4,107.42,Addicted,synthetic,1.0
16.25,0.525,7,146.54,213.3,6,3,25.27,Frustrated,synthetic,1.0
55.09,0.451,6,145.97,162.0,8,0,47.55,Frustrated,synthetic,1.0
15.39,0.704,5,133.1,136.3,2,2,-2.63,Frustrated,synthetic,1.0
45.11,0.333,2,127.1,142.92,7,1,10.84,Normal,synthetic,1.0
10.0,0.601,4,59.91,158.61,2,2,45.08,Frustrated,synthetic,1.0
49.41,0.806,2,115.45,282.95,1,4,21.62,Frustrated,synthetic,1.0
101.91,0.013,2,15.91,60.0,1,0,64.04,Addicted,synthetic,1.0
20.72,0.52,8,114.8,101.66,12,1,-6.28,Normal,synthetic,1.0
28.58,0.902,8,94.79,171.5,5,1,-8.3,Frustrated,synthetic,1.0
53.48,0.384,1,33.72,136.69,2,4,-3.35,Addicted,synthetic,1.0
67.05,0.604,5,68.29,310.59,5,1,50.71,Addicted,synthetic,1.0
37.25,0.37,3,101.87,111.73,5,4,60.84,Normal,synthetic,1.0
73.91,0.609,6,37.55,309.26,7,1,-20.0,Addicted,synthetic,1.0
35.95,0.096,2,56.5,192.55,13,4,34.99,Normal,synthetic,1.0
63.04,0.24,0,121.15,244.84,4,4,85.81,Addicted,synthetic,1.0
17.72,0.615,9,113.51,145.92,9,2,36.03,Frustrated,synthetic,1.0
10.0,0.62,5,39.78,233.4,5,2,16.93,Frustrated,synthetic,1.0
15.0,0.262,2,110.23,246.54,10,1,86.14,Addicted,synthetic,1.0
37.33,0.654,9,71.27,134.25,11,1,-17.49,Frustrated,synthetic,1.0
76.3,0.153,2,47.43,30.0,4,2,16.22,Frustrated,synthetic,1.0
62.95,0.1,2,67.47,294.41,8,4,-17.64,Addicted,synthetic,1.0
10.38,0.592,4,87.77,164.76,2,4,-35.53,Frustrated,synthetic,1.0
16.69,0.253,3,62.52,183.41,13,0,35.77,Normal,synthetic,1.0
45.07,0.557,3,153.15,96.68,1,0,59.93,Frustrated,synthetic,1.0
46.89,0.245,2,300.0,75.75,2,1,40.07,Normal,synthetic,1.0
79.96,0.262,0,43.23,188.69,1,4,33.14,Addicted,synthetic,1.0
66.52,0.358,4,29.51,304.79,10,1,-9.02,Addicted,synthetic,1.0
41.1,0.453,6,153.16,166.09,10,3,-12.3,Frustrated,synthetic,1.0
94.91,0.155,0,104.23,230.04,6,4,-0.8,Addicted,synthetic,1.0
58.15,0.507,5,111.63,30.0,4,1,-18.31,Frustrated,synthetic,1.0
51.53,0.281,2,92.89,32.5,2,0,0.43,Frustrated,synthetic,1.0
10.0,0.642,5,96.87,71.9,5,3,35.88,Frustrated,synthetic,1.0
17.23,0.397,2,122.15,54.82,5,2,46.56,Frustrated,synthetic,1.0
52.97,0.644,8,189.28,113.63,12,3,-1.36,Normal,synthetic,1.0
33.68,0.722,4,196.33,58.85,5,2,54.68,Normal,synthetic,1.0
15.31,0.465,0,114.94,179.77,1,2,-2.72,Addicted,synthetic,1.0
63.24,0.132,3,128.12,192.77,11,3,94.34,Addicted,synthetic,1.0
45.91,0.711,5,239.12,35.14,3,4,-3.7,Frustrated,synthetic,1.0
36.21,0.546,4,157.26,94.62,4,0,39.8,Frustrated,synthetic,1.0
27.26,0.367,6,136.71,61.13,11,0,49.37,Normal,synthetic,1.0
10.0,0.489,2,5.0,124.16,3,0,-2.52,Frustrated,synthetic,1.0
21.79,0.322,2,182.22,30.0,5,3,-5.38,Normal,synthetic,1.0
130.0,0.41,5,38.87,443.11,13,1,-11.22,Addicted,synthetic,1.0
47.21,0.368,4,58.36,107.29,6,2,11.16,Normal,synthetic,1.0
90.6,0.455,2,97.51,178.95,3,4,50.47,Addicted,synthetic,1.0
10.0,0.573,7,101.21,112.19,6,3,8.54,Frustrated,synthetic,1.0
45.56,0.117,2,145.98,57.94,14,3,45.13,Normal,synthetic,1.0
47.33,0.259,3,118.53,72.79,14,2,-35.0,Normal,synthetic,1.0
91.47,0.103,0,74.65,205.96,7,4,36.2,Addicted,synthetic,1.0
11.67,0.405,6,63.99,115.29,14,0,6.66,Frustrated,synthetic,1.0
46.4,0.618,4,45.9,95.67,1,4,61.31,Frustrated,synthetic,1.0
49.64,0.128,2,106.61,41.25,9,3,3.32,Normal,synthetic,1.0
16.24,0.1,1,5.0,190.17,13,3,5.28,Addicted,synthetic,1.0
70.71,0.306,2,51.56,321.22,4,3,71.47,Addicted,synthetic,1.0
35.67,0.065,1,270.66,137.93,7,0,-0.54,Normal,synthetic,1.0
37.63,0.442,5,49.9,199.71,7,1,40.72,Frustrated,synthetic,1.0
37.98,0.628,8,142.14,95.6,11,3,-5.49,Normal,synthetic,1.0
46.77,0.467,9,173.31,56.44,14,4,4.94,Frustrated,synthetic,1.0
43.19,0.159,1,21.41,83.2,7,1,47.81,Addicted,synthetic,1.0
73.54,0.536,6,73.4,308.71,9,4,18.45,Addicted,synthetic,1.0
15.01,0.165,1,176.35,38.46,3,4,48.31,Normal,synthetic,1.0
48.69,0.197,1,5.0,334.1,3,3,67.2,Addicted,synthetic,1.0
52.24,0.152,0,77.26,263.87,4,2,18.96,Addicted,synthetic,1.0
10.0,0.555,8,45.71,195.48,13,0,44.32,Frustrated,synthetic,1.0
62.55,0.554,5,118.91,194.86,8,1,9.98,Normal,synthetic,1.0
11.16,0.409,5,88.85,181.3,12,3,19.24,Frustrated,synthetic,1.0
45.74,0.759,4,60.9,136.56,4,3,-5.82,Frustrated,synthetic,1.0
10.0,0.406,6,254.16,93.38,14,3,-40.0,Frustrated,synthetic,1.0
56.27,0.158,1,78.42,243.11,11,0,88.7,Addicted,synthetic,1.0
10.0,0.235,2,91.7,155.1,12,4,24.7,Normal,synthetic,1.0
79.24,0.18,2,32.98,234.02,4,1,51.07,Addicted,synthetic,1.0
40.02,0.343,5,100.46,30.0,12,3,19.15,Normal,synthetic,1.0
46.88,0.875,9,112.66,96.83,8,0,48.55,Frustrated,synthetic,1.0
62.48,0.23,2,35.16,191.3,4,4,-13.11,Addicted,synthetic,1.0
37.42,0.43,5,26.22,128.63,11,4,10.55,Frustrated,synthetic,1.0
16.98,0.334,2,21.61,256.12,6,1,13.86,Addicted,synthetic,1.0
31.45,0.491,0,199.92,78.48,1,2,16.32,Normal,synthetic,1.0
38.6,0.185,3,77.54,190.83,13,3,10.54,Normal,synthetic,1.0
26.59,0.322,5,112.94,37.5,4,0,-1.36,Frustrated,synthetic,1.0
44.41,0.866,15,5.0,56.59,14,0,-39.92,Frustrated,synthetic,1.0
26.77,0.323,4,17.84,157.76,4,2,51.55,Frustrated,synthetic,1.0
59.84,0.345,5,67.2,80.18,14,0,-4.48,Frustrated,synthetic,1.0
